用户名,评论日期,车型款式,评星,裸车价,油耗,购车时间,评价内容
盖世的桃酥2781,2024-04-29,奥迪A6L 2023款 改款 40 TFSI 豪华动感型,4.21,32.0,9L/100km,2023-11,💰购车经历： 我买车的主要要求就是能够提升面子，因为经常需要出去跟朋友聚会或是与客户见面，而原来的车子现在开的话感觉太掉面子了，所以不如放到家里当做备用车子，曾经对比了很多的车型，发现还是奥迪和宝马的车型比较漂亮，所以我决定仔细的对比一下在这两款车子当中选择一个，没事的时候我就到4s店去细致的对比，经过仔细的对比我觉得奥迪a6l这款车还是比较好的，很豪华的配置和比较大气的外观让我开出去的时候感觉非常舒服。 💴提车价格： 裸车32万、便宜了将近11W，商业保险6200元左右，购置税约28000左右，落地35.7W左右。送了几次基础保养以及贴膜、脚垫这些
龙腾虎跃SUV2758,2024-04-28,奥迪A6L 2023款 45 TFSI quattro 尊享动感型,4.43,41.2,9.6L/100km,2023-11,💲提车价格： 品牌：2023款奥迪A6L 45TFSI quattro尊享动感型 裸车：41.2万 购置税：3.7万元 交强险车船税：1370元 首次商业险：1.7万多 上牌费：500元 合计落地：8.14万 ✔️使用感受： 已经提车6个多月了，跑了9700万公里了，奥迪A6L操控起来非常出色。它搭载了2.0T发动机，动力强劲而平顺；同时悬挂系统也非常舒适，过坑洼路面时减震效果很好。方向盘轻重适中，转向精准且灵敏度高。车辆的刹车反应也很迅速，让我在行驶过程中更加安心和放心地享受旅程。 👍🏻最满意： 外观设计很年轻时尚，车身线条流畅且富有力量感。
所向无敌栗子2766,2024-04-28,奥迪A6L 2023款 改款 40 TFSI 豪华动感型,4.14,36.1,9.5L/100km,2023-11,提车费用明细: 奥迪A6L的优惠幅度挺大，综合优惠6W多，裸车价36.1W，购置税3万多点，保险6600左右，上牌费200元，全款落地40.15万左右。优惠完，感觉性价比还不错了！而且奥迪的服务确实不错，销售也很热情！ 🕙购车经历： 一直以来，我都有换车的打算。开始时，我在网上漫无目的地寻找车辆信息，每当经过4S店时，从奔腾E级到沃尔沃S90，再到奥迪A6L，都看了一遍，看到奥迪A6L有了想换车的冲动。对于奥迪A6L ，我是大爱，外观大气有范，看着比奔腾E级和沃尔沃S90更有味道，给人一种不一样的新鲜感。而且对比之下，它的车身避震效果更好，经过减速带时
小仙女0505,2024-04-24,奥迪A6L 2024款 45 TFSI 臻选动感型,4.64,34.0,10L/100km,2023-12,23年12月底提车到现在4个月，开了5000公里，想跟大家分享下这5000公里的用车感受。以下所述仅代表个人观点哦。 首先我购买的是45 甄选动感 两驱 2.0T发动机 245 匹的马力在家用来说的话动力上绝对够用，本身自身也属于新手司机，不追求弹射起步，推背感啥的，所以动力方面还是很满意的。而且时常坐一车人后备箱再拉点东西的时候起步超车也都很轻松 ，没有“肉”的感觉。并且我所在的地区下雨下雪都比较少，所以当时购买的时候最终也没有考虑上夸戳。车辆整体的空间很大，无论前排后排还是后备箱，这也是当初我第一眼相中的的原因。后排做180的男士也不会觉得伸展
优雅别致MPV2735,2024-04-21,奥迪A6L 2022款 45 TFSI 臻选致雅型,4.21,36.1,9.5L/100km,2023-05,🕙购车经历： 既然是买车，那就得选自己喜欢的牌子，再说了，我也是奥迪的粉丝。家里老爸一台Q5L，感觉很不错的，选择A6L的原因很简单，外观上符合我的需求，不会太过张扬，但又给人一种格调的感觉。来到4s店之后，也仔细地了解了一下，而且买的时候折扣非常地大，给我留下了深刻的印象。所以，在买之前就已经把价钱给搞定了，对自己预算。 提车费用明细： 价格方面我觉得还可以吧，优惠了7W左右，裸车36.1W加上购置税3.1W左右，还有商业险，5900，落地大概，40W。价钱确实优惠比较大，也符合我的预算。 🚗外观： 低调中带着一种高贵的气质，这就是我想要的，这套
学富五车灵猫2699,2024-04-24,奥迪A6L 2023款 40 TFSI 豪华动感型,4.57,36.7,9.2L/100km,2023-06,🌳购车经历: 我想每个男人都是很喜欢车的，我也不例外，从学生时代就开始关注各种车。那时候BBA对我来讲还是遥远的梦，还记得当时家里有个表哥开了一辆奥迪，太帅了，在我心里留下了深刻的印象。这些年家庭工作都逐渐稳定了，人到中年，还是会想起年轻时候的梦想，想着犒劳一下自己，奥迪还是我的首选。奥迪的车型，其实在预算内能选择的就那么几款，奥迪Q5L对我来讲太运动了，还是A6L更符合我现在这个年龄阶段，家用或商用都挺适合的，所以看车之后很快就定了奥迪A6L，当时买车价格也多少有点优惠，另外也送了全车贴膜，脚垫后备箱垫、行车记录仪、镀晶和免费首保，还算满意。 💲
画龙点睛软桃2776,2024-04-24,奥迪A6L 2023款 45 TFSI 臻选致雅型,4.43,39.6,11L/100km,2023-04,"🚘购车经历: 买车的时候前前后后看了两个月，bba几个品牌的车型都有试驾，对比下来还是喜欢奥迪A6L,城市代步来讲，这台车不管是操控还是空间表现都不错，试驾下来也能感受到奥迪的驾驶质感确实是很好的，驾驶平顺，动力表现也没什么不足，超车什么的都能给到我很好信心。当时买车比较急，价格也没便宜多少，就直接下定了，送了保养、太阳膜和脚垫这些东西。 💰费用详情： 品牌：2023款奥迪A6L 45 TFSI 臻选致雅型 裸车：39.6万 购置税：3.5万 交强险+车船税：1370元 首次商业险：1.4多 上牌费：500元 合计落地：44.7万 💗驾驶感受:"
雍容华贵朱雀2650,2024-04-24,奥迪A6L 2023款 45 TFSI 臻选动感型,4.21,38.7,8.9L/100km,2023-11,💰提车价钱： 奥迪A6L 45臻选动感，指导价为45.49万，优惠6.7W左右，裸车38.7W万元。购置税3.4W左右，交强险950元和商业保险6221元（三责100万赔付额度），上牌费500元，全款落地需要花费42.94W。 选装: 轮毂选择的是五双福铝合金轮毂，看着更高端一些。 然后加装了真皮座椅，2500，比混搭的要更显档次。 🕙购车经历： 我自己倒是没有把买车的预算定得太高，35~38万的样子，在老丈人的推荐下去看了一下红旗H9，这款车给我的感觉实在是太正派了，有些驾驭不了。不过顶配的凯迪拉克CT5刚好符合我的预算，只要34万就能够下地，但媳
开开心心菠萝2708,2024-04-24,奥迪A6L 2023款 40 TFSI 豪华动感型,4.14,36.1,8.9L/100km,2023-11,🕙购车经历： 当时选择奥迪a6的过程也挺坎坷，本来我是奔着宝马5系去的，和销售已经在线上谈好了，优惠8万，然后再送相应的赠品，但是到店以后却发现有各种套路，实在是搞得很恼火不买了，后来出去到了旁边的奥迪4S店，我对这款车并没有什么太深的概念，但是把这款车发到朋友群里以后，好多哥们都比较推荐我，了解一下这款车。在销售的推荐下，看了40动感，刚好又有现车。直降6.6W左右，很心动，回来又商量了一下，没啥问题，转天提车，优惠完裸车价36万左右，落地价格40W多点。保险大概6千多，购置税3.1万左右。也没别的大额支出，全款买的。 外观： 我觉得奥迪在外观设计方
晦迹韬光水仙2697,2024-04-23,奥迪A6L 2023款 改款 55 TFSI quattro 尊享动感型,4.29,49.9,10L/100km,2023-05,🕙购车经历： 其实在买这台车之前，我当时看中的车是宝马5。当时宝马5刚好迎来了换代，没啥趣味性了。奔驰E的话，没有优惠就算了，配置简配的比较严重，不想当奔驰的韭菜。最后思来想去，反正BBA都是一个档次的，虽然多少会有些差别，最后我还是决定买A6L高配，这款车的设计风格相对来说要稳重一些，不过我比较喜欢，不张扬，但是又不会过于低调。 💰提车价钱： 裸车49.9万，优惠5W多，税加保险缴纳了5.5W，全款落地55.4W左右。送5年10次保养，脚垫后备箱垫（后面自己加的）和隐藏式行车记录仪，销售态度不错，比较有耐心。 外观： 奥迪A6L的外观设计还是挺好看
所向披靡大象2749,2024-04-14,奥迪A6L 2023款 40 TFSI 豪华致雅型,4.36,34.7,9.3L/100km,2023-10,🚘购车经历: 奥迪是我一直都比较喜欢的品牌，只是对我们普通人来讲，大学刚刚毕业确实没有实力买这么贵的车。好在这些年我工作也挺努力的，经济能力也慢慢提高了，所以当初决定买车就第一时间考量奥迪这个品牌。我买的是奥迪A6L，价格在预算内，外观设计挺大气的，操控下来运动感满满，试驾的时候就能感受到，提供了出色的驾驶质感、养眼的外形和精致舒适的内部空间，不愧是我的梦中情车，虽然买下来价格稍微有点贵，不过能通过自己的努力入手梦中情车，我自己也是十分开心的。买车的时候4s店的工作人员服务也十分周到，从进店开始就十分热情，给我们倒茶，详细介绍车型，安排试驾，给我留下了
学富五车桑葚2677,2024-04-18,奥迪A6L 2023款 40 TFSI 豪华动感型,4.71,35.2,8.9L/100km,2023-05,🚘购车经历: 我之前开的是一台大众，各方面还是挺不错的，油耗也不高，而且底盘质感也很好。只是现在收入高了，就想换一辆更好的车开开，奥迪也是我一直比较青睐的一个品牌吧，所以当时换车就直接考虑奥迪。对我来讲奥迪A6L价格，空间，以及外观颜值都符合我的诉求，不过当时4S店没有现车，等了一周 左右才提车了。买车也送了脚垫，后备箱垫和两次保养， 挺不错的。 💰费用详情: 裸车：35.2万 购置税：当时购置3.1万元 车船税加交强险：1370元 首次商业险10600多 上牌费：500元 合计落地：39.5万 👍🏻驾驶感受: 驾驶操控感特别好，方向盘转向
盖世无双芒果2679,2024-04-16,奥迪A6L 2023款 45 TFSI 臻选动感型,4.64,36.8,9.4L/100km,2023-07,🚘购车经历: 身边有朋友在宝马4S店上班，所以当时买车首先考虑的其实是宝马， 在价格预算内看了宝马5系，但是我觉得宝马的车型商务氛围会更重一些，更适合年纪稍微大一点的人开吧。虽然我朋友说买车找他价格可能会优惠一点，但因为我个人实在不太喜欢宝马，最后还是没买。奥迪的车型给我的感觉会更精致优雅，也符合我这个年纪，而且新车也做了一些改进，在操控性能方面会有更好的体验，当然买车更重要的是看自己喜欢与否，我就根据自己的喜好买了奥迪A6L。当时买车的时候没上市多久，价格方面也没有太大的优惠，赠品也是一些比较基础的，有全车贴膜，首次免费保养，车内的脚垫，抱枕和行车记
浑然一体海豚2656,2024-04-15,奥迪A6L 2024款 40 TFSI 豪华动感型,4.57,35.94,9L/100km,2024-01,🚘【购车经历】 我买车的时候主要看重的就是动力和操控性能，我也挺喜欢开车的，所以就想开着能更爽更舒服一些。当时看了雷克萨斯，外形线条特别帅，也是我以前很喜欢的车型，但是开下来行驶品质达不到我想要的感觉。正好奥迪A6L出了新款，改款之后也有很大的进步，最重要的是开下来真的很爽，操控一绝。我在网上大概看了一下其他车友的入手价格，对比了几家4S店， 总算有一家达到了我的心理预估价格，而且马上能提车，就直接确定了下来。但是我买车优惠价格相对比较大，所以就没有多少赠品，只给了脚垫，首保和行车记录仪。 💰【费用详情】 裸车：35.94万 购置税：当时购置3.
卓越的冬,2024-03-27,奥迪A6L 2023款 改款 40 TFSI 豪华致雅型,4.43,34.7,9.5L/100km,2023-05,🚘购车经历： 奥迪A6L这款车整体还是比较均衡的，它比宝马5系和奔驰E要便宜了不少。整体的外形我是比较喜欢的，可能就是他符合我40多岁的年龄阶段吧，宝马5系的话太过于年轻，奔驰E好是好，但是价格确实高，我综合来看的话，奥迪A6L这款车还是性价比比较好的。经过自己的一番盘算，还是最终买了奥迪A6L。裸车34.7万，购置税3万多，车船税加交强险1370，商业险9135，落地38.6万。 ☑️最满意： 最满意的地方当然是外观和空间，外观方面我觉得比上一代好看太多了，特别是中网，感觉比以前更加的大气了。内部的空间也是非常宽敞，后排坐三个成年人也不会感觉到拥挤
崭新的轿跑2617,2024-04-05,奥迪A6L 2023款 45 TFSI 臻选动感型,4.29,39.0,9L/100km,2023-06,🚗购车经历： 父母年纪大了，我非常惦记，而他们也想要让我经常回家去看看，所以考虑着买一台燃油车车家里有纯电车上下班通勤还行，长途不行，所以想再买一台油车，这样短时间之内就不用换车了！ 我一直比较喜欢宝马5系和奥迪a6L，让我比较纠结的是这两台车子的性能和外观都挺不错的，但经过试驾以后我觉得还是奥迪a6L这车子更适合我，毕竟岁数也不小了喜欢更沉稳的车型。 💴提车价格： 买车的时候跟销售说厂家直降6W多，我买车的裸车价格是39W，除了买车的花费以外又交了3.4万元的购置税和950块的交强险，另外上牌费用和车船使用费一共900，商业保险花了8100元，另
神出鬼没金蟒2669,2024-04-03,奥迪A6L 2023款 45 TFSI 臻选动感型,4.21,39.1,9.8L/100km,2023-06,🚗购车经历： 作为一个90后，现在没有买车，真的是特别尴尬，每次回去同学聚会都会觉得不自在，其实也并不是钱不够，只是说驾照刚刚下来，开车有一些不敢，去年刚熟悉起来，所以也准备买车，看车的时候预算其实是做的比较充足的，想要在40万以内拿下一台适合自己有面子的车，我去试驾过宝马的3系，这款车辆的动力真的很充足，但是车子太过于年轻化，感觉对于我这种90后的人来说，有一些太张扬了。 又看了一下奥迪的a6l这款车辆，其实看过之后我是比较喜欢的车辆，整体非常简约大气，而且还是特别的有面子。 试驾的时候感受比较不错，运动感十足，而且这款车主要没有超预算，优惠力度大裸
学富五车珊瑚2663,2024-04-02,奥迪A6L 2024款 40 TFSI 豪华致雅型,4.50,35.94,9.4L/100km,2024-02,【购车经历】 一开始看的奥迪A6L、奔驰E级、宝马5系等，因为家里有个小宝宝需要一个空间大点的车。从网上了解到4S店看了两圈下来，A6L的试驾感受还是挺不错的，方向盘也比较灵活轻松，指向精准，刹车灵敏度也比较高，轻轻一踩就有反应了！底盘调教比较运动，很扎实也很稳当，转弯侧倾也不大。于是就订了豪华致雅版，裸车价35.94万，购置税3.2万，车险啥的花了2万不到，落地40多万了，送了贴膜，钥匙扣，脚垫。 【最满意】 最满意的就是A6L的外观，这个价位能买到这种气场的车已经很满足了。其次就是奥迪品牌的口碑一直很好，身边不少朋友都开的就是BBA车。 【不满意
雍容华贵青提2583,2024-03-29,奥迪A6L 2023款 45 TFSI 臻选动感型,4.21,36.39,9.4L/100km,2023-11,🚗购车经历： 其实对奥迪早就很喜欢了，年轻时候没啥钱，只能买个十来万的代步，现在36岁才开始圆了我20来岁的梦。 现在我已经成为了两个孩子的爸爸，也是这个家里的顶梁柱，日子逐渐步入正轨，手里还有多出来的预算，终于可以买到自己喜欢的车。同级别或者说是同价位的车型，从来就只考虑奥迪a6L，其实我更喜欢奥迪a7，但是手头预算不够，咱还得努力努力。奥迪A6这款车性价比确实比同级别车要好很多。 外观， 外观是我最满意的，整体的设计感非常的强烈。车身的线条也非常流畅自然。特别是车头部分的造型看起来非常有冲击力和辨识度，开出去也很有面子。内饰设计的非常时尚大气，用料
开门见山龙眼2545,2024-03-15,奥迪A6L 2024款 45 TFSI 臻选致雅型,4.14,36.4,8.6L/100km,2023-11,🚗购车经历： 今年是我和老公认识的第9个年头了，生活倒也是过得挺幸福，这一年也拥有了属于我们的第1台新车。起初和老公商量购买一台油电混合的车，因为我们不仅只适用于城市短途代步，偶尔还要跨城长途，如果是纯电动车，在续航方面还是让人有些焦虑的。 油电混合车型的选择，首先看了比较热门的理想ONE，车子的外观设计以及驾驶体验，还有后排的乘坐空间，都让人挺满意的。已经和老公开始商量着订车的计划了，但是最终还是放弃，因为插电混合动力的车型对于我们目前的居住环境来说，充电特别不方便。老小区连停车都是个问题，考虑到这一实际情况就放弃了。 这时又不得不重新计划选燃油
星驰的菠萝2491,2024-03-15,奥迪A6L 2024款 45 TFSI 臻选动感型,4.14,36.39,9L/100km,2024-01,🚗购车经历： 我30岁了，平生头一次买车还是在25岁的时候，买的是一台帕萨特。我们的家是经商的，平时要接客户，帕萨特这些年表现挺满意，但是现在已经有些力不从心了，加上车子用了好几年了有些配置也落伍了，就想要换车。 我选了一辆奥迪A6L，在同级中显得格外优秀。奥迪品牌和德系车都是我的最爱，开着奥迪A6L招待客户，是一件很拉风的事情。这款车的外形很符合我的口味，很有格调。我特意去了当地的4S店打听了一下价格，优惠力度都差不错，而且这家4S店送的礼物不错，最终就买了一辆。 💴提车价格： 买的是24款45臻选动感，指导价是45.49W， 优惠，9.1W，实际
美丽的灵猫1733,2023-10-31,奥迪A6L 2023款 改款 45 TFSI 臻选动感型,3.86,36.8,8L/100km,2023-09,🚗购车经历 在于老公相遇相识相知相爱的第九年，我们终于拥有了第一台车。起先最开始还在考虑油混一体的车，因为城市短途跟跨城长途，我们日常都有需要，所以一开始电车就被我们排除在外，同时也是考虑到第一台的问题。 油混车当时首选是理想ONE，车型、驾驶体验、驾驶空间都很不错，尤其试驾时候看到一辆浅蓝色的车，更爱了。后面没有选择理想的原因，是因为它是混动的，当下住的地方，充电还是很不方便，要开差不多十几分钟的车才到充电的地方，商量下都觉得太麻烦了。 油车里面，考虑的奥迪A6L跟凯迪拉克的CT6、还有个捷豹的一款。凯迪拉克C
平步青云飞鱼1054,2023-07-21,奥迪A6L 2021款 45 TFSI quattro 臻选动感型,4.07,38.0,,2021-11,🚗购车经历 跑遍了杭州所有的奥迪4S店，了解了各种价格，终于在滨江元通宾奥4S店下单了！砍价过程很刺激，讲究天时地利人和，我是快下班的时候过去，一直拖着他们讲价，然后拿其他家的价格谈，一直砍，最后他们在几个小时后，销售终于松口了，于是马上付了定金。 💰提车价格 奥迪A6L，45，4驱，臻选动感 全款，正常购买（非留学生、非关系户，纯属小老百姓，连大客户优惠都没用上） 总价：43.35w 其中包含： 裸车价+装潢：388200 税费：388200/11.3=34354 保费：1.1w 其他： 1、保养：除首保外再送2次保养，一共3次保养 2、赠送
木土不学土木,2023-07-19,奥迪A6L 2022款 45 TFSI quattro 臻选致雅型,4.57,39.8,10.8L/100km,2022-12,【购车时间】2022年12月 【版本】2022款45甄选四驱版本 【车价】落地45.8左右 【城市坐标】江苏南通 【目前使用里程】2.4万km 【购车经历】当时过年的时候就准备换车了，以前开的我爸的老车，还是得有一辆自己的车的。当时看了捷豹xfl有点走不动道了，外观内饰太优雅了，然后试驾了一下，很好，这调教，白瞎了硬件。然后转头去了奥迪，去了先问有没有四驱现车，然后谈价格，我也就跑了一家店，就直接定了，谈着价格合适就交了一万定金，但是车只有致雅了，后来想着真皮内饰也行。就忍了，第二天就把车提回去了。 【提车价格】反正保险啥的全部弄下来45.8万 当时
快乐的蓝莓0390,2023-06-21,奥迪A6L 2023款 改款 45 TFSI quattro 臻选动感型,4.57,38.0,9L/100km,2023-04,【购车经历】 工作了，😫出行去哪里都不是很方便，于是准备购置一辆车子代步。我们一开始的意向品牌是领克或者日系车，主要考虑的是性价比，预算在20万左右。因为我们有长途需求，电车不做首选。领克01各方面都比较满意，就是外观不是很舒展，我们纠结了很久。另一半觉得机氪001很香，😋符合我们大部分需求：空间大，省油，外观好看。正如上面所说我们有长途需求，😖😖纯电车实在是对我们很鸡肋。后来和父母父母商量后，我们选择了奥迪A6l，各方面都比较符合我们的需求，价格也相应上涨。💥我们最终选择的是A6L 45 夸戳 臻选动感。主要是考虑到跑长途，驾驶及乘坐舒适度。
Lee34516,2023-03-04,奥迪A6L 2023款 45 TFSI quattro 臻选动感型,4.79,39.15,14L/100km,2023-02,我是在长春做生意的，今年28，身边好多同龄人问我为什么要选奥迪A6L，不太像年轻人开的车，我没多解释，只说自己喜欢，但是等他们看到我的车后，都陷入了“真香定律”。 奥迪A6L是我的第二台车，第一台本田缤智我开了七年，因为做生意，“排面”很重要，要有商务气息，但不想选太张扬的车，所以奔驰E和宝马5系压根就没考虑过。刚开始打算换车的时候也纠结要选一台什么样的车，直到我在网上看到新款奥迪A6L的外观就深深爱上了。 到了4S店看了下实车，坐到车内看到木纹内饰，三块屏幕，让我决定选这台车准没错，先开始还纠结选动感还是致雅，看到动感的20
旭日东升ii,2023-03-02,奥迪A6L 2023款 45 TFSI 臻选动感型,4.64,38.0,12L/100km,2023-01,个人情况&购车经历 作为一个二十岁出头年纪的人，首先提到这款车型都会感觉年轻人开会显得不是很搭，但是目前事业处在机关单位，需要一款外观低调奢华程度适中的车，奥迪A6L是我的首选。同等价位车型还试驾了宝马5系，当时首先对比了两台车的车内空间，空间的话两台车相差不是很多，后来对比了驾驶的操控性以及车的性能方面，宝马5系油门踩起来感觉偏硬，所以综合起来还是奥迪方面更胜一筹，其次就是单纯觉得奥迪A6L的外观气场直接碾压，所以没有犹豫选择了这款车型。当时购买车款车的时候裸车价格38万，贷款后落地价格41万，购置税4万多，保险8000，选装了座椅加热，20寸轮毂，桃
雍容华贵蘑菇3628,2022-07-18,奥迪A6L 2021款 45 TFSI 臻选动感型,4.43,41.2,9.5L/100km,2021-05,【购车经历】年龄不小了，一直开老爸的车子，虽然老爸车子多，但是最近感觉车子都不是很适合我，而且感觉也希望有个属于自己的车子了，其实上之前选车的时候跟本没有考虑过A6L，反正从我的印象里就是认为A6L太老气，甚至都没有考虑过奥迪，因为除了三联屏内饰，奥迪的其他内饰设计真的不太符合我的审美。所以最开始看的是新4系，因为觉得外观够酷够帅够年轻，倒没怎么研究车的综合情况，价钱的话在预算范围内就好。但后来去宝马4S店了解了一下，新4系压根就没车，等车周期动则四个月到半年，所以pass。又看了五系和老款四系，宝马略显圆润的外观越看越觉得不喜欢。后来出门拐了个弯儿就顺
ycresets37408554,2022-07-02,奥迪A6L 2020款 40 TFSI 豪华动感版,4.43,36.0,9.8L/100km,2020-08,【购车经历】今年22岁，老家是安徽的，目前在河南工作。20年8月27日提车，人生第一辆车。 买这车也不算是代步，因为在市里面也不怎么需要车，一家人回老家方便，主要还是为了以后结婚用。 买A6L就从冲着：三联屏+飞机档把， 奥迪叫：虚拟座舱。中控是斜向驾驶员的，整体成环绕式。 液晶仪表能显示地图，有3D丶卫星，2d三种模式。对于我这种路盲，在市区开车，可以从容不迫了。 当时只试驾了A6L和Q5L两款车。q5L内饰硬塑料多，买的是A6L40tfsi，动感型。 裸车价36万，购置税3万，保险是1万4（中华保险）。落地40万（全款），比我老家那边差不多当时就在
爱樱桃的小姑娘,2022-06-20,奥迪A6L 2021款 45 TFSI 臻选动感型,4.43,37.9,10L/100km,2021-05,"【购车经历】这算是我的第二辆车，买奥迪之前有一辆轩逸，已经用了好几年了，去年终于下定决心要换车，考虑再三决定一步到位，将目标车型定位在BBA系列，对于奔驰级基本上没有什么感觉，宝马也就看了看5系，但是综合下来还是觉得奥迪A6l性价比最高。【提车价格】最终选的是臻选动感型，官方指导价44.38万，厂商优惠6.5万，选配方向盘加热1000元,最终裸车价37.98万，购置税3.3万左右，保险1.2万多，最终落地差不多43万，四儿子店赠送了行车记录仪、脚垫后备箱垫、雨伞、保温杯、免费首保、全车太阳膜、1000元保养券等【用车成本】提车一年了，已经做了2次保养，全"
知否知否应是小丸,2022-04-23,奥迪A6L 2022款 40 TFSI 豪华动感型,5.00,36.0,8L/100km,2021-11,个人情况&用车场景：我是来自内蒙古呼和浩特的，今年35岁，自己经营日化店，家庭构成就是一家三口的普通家庭。是去年冬天买的这台车，之前开的凯美瑞，开了5.6年了，去年冬天特别想换个新车，平常工作比较忙，也比较辛苦，就是想给自己一个奖励，跟爱人商量了一下，说想置换一下新车，想换个高端一点的车，出门也比较有面子。因为我爱人开的就是奥迪Q7尊贵，开了好多年了，感觉各方面都还不错，我也考虑买个奥迪的，一开始考虑买的是奥迪A3，可是实际去4S店试了一下，真心有点小，又试了A6 ，买A3的话，就只能我一个人开，要是买A6，有的时候两个人也能换着开，我想一步换到位，一直
麒麟车手00331029,2022-03-28,奥迪A6L 2021款 45 TFSI 臻选动感型,5.00,36.8,13.5L/100km,2021-04,这应该算是人生中第一辆属于自己的车。事实上预先选车的时候没有考虑过A6L，刻板印象里认为A6L太老气，甚至都没有考虑过奥迪，因为除了三联屏内饰，奥迪的其他内饰设计真的不太符合我的审美。所以最开始看的是新4系，因为觉得外观够酷够帅够年轻，倒没怎么研究车的综合情况，价钱的话在预算范围内就好。但后来去宝马4S店了解了一下，新4系压根就没车，等车周期动则四个月到半年，所以pass。又看了五系和老款四系，宝马略显圆润的外观越看越觉得不喜欢。后来出门拐了个弯儿就顺路去了奥迪，一进门就被停在门口的一辆A8展车拴住眼球走不动路了，再往后看一辆香槟色的A7和一辆绿色的A5
8854556g,2020-07-23 1 条追评,奥迪A6L 2020款 45 TFSI quattro 尊享动感版,4.00,38.8,8.5L/100km,2020-06,我是16款君越28T车主，也是头一辆车。当时28万落地，之所以买君越，是因为刚30，我长得还有点小，那会的BBA车型的气场还足，压不住。早晚都是要要换车的。现在换，是因为这一代A6L外观年轻了一些。我也老了一些，最起码肚子大了很多，可以了。
快如闪电南瓜4017,2021-10-26,奥迪A6L 2021款 40 TFSI 豪华动感型,4.71,41.98,,2021-09,C级车，空间应该够用。后排很少坐人，偶尔周末回家，父母坐在后面，可以翘腿坐。不过后排座椅腿部支撑略小，不如老车的宽厚。 很平顺，低速顿挫我是感觉不出来。就是偶尔冷车刚起步，突然往前窜的很明显，可能是微混的原因吧。不太明白。主动刹车挺意外的，可能个人驾驶习惯不好，每次想加速变道超车，快逼近前车的时候，就主动刹车了。方向盘很舒服，越快越重越稳。动感的座椅很舒服。夏天冬天都很舒服。空调效果不错，可能是新车的原因，比老车制冷效果好。好看，适合年轻人。虽然比C7更加运动，但还是很稳重。马上三十岁了，开这车挺合适。氛围灯挺好看。三块大屏夜间在没有路灯的地方，看着很有
大步流星海棠果3976,2021-10-23,奥迪A6L 2019款 40 TFSI 豪华动感版,4.43,40.0,,2019-10,空间基本够用，前后排的座椅舒适度都还非常不错，后备箱的储物空间也够大。 乘坐的舒适度也还不错，如果后排再给预留娱乐系统位置就会更好一些。一脚油门到底，加速的连贯性还是非常不错的，超个车小意思。推背感可能是心里作用，总觉得有那么一丢丢。自备的驾驶模式多种选择，可以选择经济省油，可以选择运动猛造。加油，刹车的反应变还是非常灵敏，从美系车换到德系车刚开始需要适应一段时间。做了全车的隔音，四门，后备箱，轮胎，车底盘，防火墙U型槽，跑起来静音效果还是非常给力的。
才华盖世冬瓜4059,2021-10-21,奥迪A6L 2021款 45 TFSI 臻选动感型,4.86,40.1,14L/100km,2021-10,空间一定是选择这款车最主要的原因之一，正常身高的家人朋友们，四个人加一个车载宝宝椅也能够比较舒适的坐着，这是以前的c级无法想象的。 和以前梅赛德斯完全不一样的设计语言，还是很有新鲜感的，三块大屏加车内外的灯非常加分，灯厂无疑，但以后会不会出现毛病，还不好说，已经打好底会有毛病了。 之前的一阶c200 220匹6秒破百，如今年纪大了，也没精力改车了，干脆省点心换一台a6l，45前驱动感的动力一点不差，车评实测的7点多秒也是足够用了，毕竟换了身份也不想太过于追求更多的动力，当然有条件上55v6更加好了，多少钱办多少事嘛。 奥迪的电子助力一直不太能适应
酷炫的柠檬4130,2021-10-20,奥迪A6L 2019款 45 TFSI 臻选致雅版,5.00,36.0,9L/100km,2020-10,满意，前后空间满意，上下空间也满意。不过和原来车相比，原来车是7座的，肯定原来车更舒服。就是后排座椅角度太倾斜不舒服。 车内储物能力：是前排除功能不行。手机确实没有地方放。不过左手边有个很深的盒子。是放雨伞还是灭火器呀？后备箱处空间非常好，很规整，很深，也很宽。我准备放个兵工铲哈哈. 高速上风噪开始感觉略大一点，过了首保期之后，感觉噪音控制得比较好，静音还算挺好。长途高速最低排到6.3个油还是比较满意的。s档地板油还挺给力，试过几次，品牌和动力和之前的车肯定不是一个重量级的。所以感觉体验还是不错的。好车虽然没咋买过，但也开过，总觉得这个静音还不够好，还是
出类拔萃玉米4123,2021-10-19,奥迪A6L 2018款 30周年纪念版 TFSI 进取版,4.43,38.0,,2019-08,不论起步，自换档，还是刹车操作起来都十分流畅顺滑，只是在要刹停一秒有顿错感，不知是我操作问题不是。慢开急跑短长跑起来车身稳定性很好，基本没侧倾现象。无论城市里，城市间，上山下乡，还是中南西北中等地域动力十分有为强劲，开空调基本没影响。只是如满座5人后箱装满上10几公里大坡时开空调时有略感马力再大点就更好了的感觉。空间足够使用，前排十分宽大舒适，后排座2人十分恰当，可随便二郎腿和葛优躺。但人多了中间座会有不适。空间足够使用，前排十分宽大舒适，后排座2人十分恰当，可随便二郎腿和葛优躺。但人多了中间座会有不适。车机系统导航和功能受限，四S店服务太度外里不一，费
灵动的小树4143,2021-10-17,奥迪A6L 2019款 45 TFSI 臻选动感版,5.00,39.0,10L/100km,2020-10,外观经典，低调内敛，不会太高调，真要接待客户也能撑住场面，可上可下。内饰感觉用料比Q5L好太多，整体也简洁干练，不花哨，功能挺多的，还有好多不会用，要慢慢研究.空间太大了，长宽高都不是我原来雅阁能比的，加之我们全家个子都不大，所以空间刚刚的。乘坐空间非常大，但是储物空间还有提升空间啊.动力调教还是与我原来的雅阁有区别，雅阁是油门前段很足，所以市区开起来很轻快，但高速跑起来后提速上不来。A6L油门前段油门没有那么大，感觉软绵绵的，但是听说后面动力储备足，现在我也没有猛踩过，暂时就相信吧.市区电动车满天飞，有一次电动车从我车旁边飞驰而过，车辆有主动刹车预警，
开开心心猎豹4195,2021-10-09,奥迪A6L 2019款 45 TFSI 臻选致雅版,5.00,36.5,8.5L/100km,2020-10,最满意是空间，后排二郎腿没问题！油耗是真低，目前长期记忆将近7700公里，平均速度33.油耗8.5，三分一多点的高速，其余纯市区！高速最低开到5.1，佛系大叔，开车比较温柔的缘故吧！2.0高功版，动力绝对够用，80码转速基本在1500以内，高速120码，也不超过2000转！要不是自己开，打死也不信这么大的车可以这么省油！外观沉稳大气，内饰简洁操作方便简单！说了很多优点，缺点也不少，一年多下来，中控锁失灵发生过七八次吧，问过四儿子，说这一代a6很多都这样！还有一次打不这火，电话问了销售，告知深踩刹车踩到底，再打火，果然是！啥原因咱也不懂！还有自己买的obd
愉快的蟠桃3968,2021-10-09,奥迪A6L 2020款 40 TFSI 豪华动感版,4.29,40.0,,2020-10,奥迪A6L的外观设计标配运动外观套件，感觉也是十分动感，也是很有青春活力，感觉也是更加年轻化，很受我的喜欢。好多配置都需要额外选装了，第二排座椅还不能调节，感觉坐的时间长了也不是很舒服了。空间的设计对我来说还是非常合理的，坐到里面还是非常宽敞的，头部和腿部都是有放松的空间，后排翘个二郎腿也是没问题。后备箱的空间也是很大，感觉也是挺深的，可以容纳好多东西了。动力的表现还是很充沛的，给我的感觉也是可以达到一个很好的驾驶状况，刚开始起步还是非常迅速的，之后加速超车也是毫无压力了。
星驰电走金蟒4044,2021-10-06,奥迪A6L 2020款 55 TFSI quattro 尊享动感版,5.00,44.4,14L/100km,2021-07,1. 六缸发动机的动力和平顺性；2.底盘在运动和舒适间拿捏的度正好合我口味；3.20寸轮毂尺寸很满意，就是一开始不喜欢这款式（个人更喜欢单色亮银的那种，海外标轴版A6上的多幅轮毂好看），后来多看了几天也觉得还可以。1.前排储物空间确实有点少，方向盘左下角那个抽屉很小很深，因为太伸入了所以感觉放证件也不合适，我觉得可能设计着是让你放小型灭火器的；2.假排气口吧，其实做工也还可以，人家新A8也都这个款式了，看到网上有人说向下走的真排气口有利于减少排放，我没想明白，从下排和从后排都是排到空气中，又不能排到地下去？油耗在接受范围内，有48v轻混，比传统六缸车应该
超群的风信子4230,2021-09-28,奥迪A6L 2020款 55 TFSI quattro 尊享动感版,4.43,54.0,,2021-03,我觉得奥迪A6L的满意的点我是真的还觉得有蛮多的，这个空间就是很好的，乘坐空间十分的大，轴距超级长，这个乘坐空间我觉得如果还不够的话，那就没啥车的乘坐空间充足了。我觉得油耗稍微的有一点超出我的预期，但是这个油耗也不算是高的吧，车子毕竟有这么大的，排量也是不小的，这个油耗也算是正常的吧，还有一点就是买车送我的东西是在是太少了。我觉得奥迪A6L的空间是很好的，这个乘坐空间如果还不能叫做宽敞的话，我感觉基本上也没什么车子的乘坐空间是足够了的，我这么大的个子，都觉得奥迪A6L的乘坐空间太够用了。奥迪A6L的动力排量还是不小的，但是这个是低马力的配置，毕竟还是带
酷炫的企鹅4153,2021-09-25,奥迪A6L 2020款 40 TFSI 豪华动感版,5.00,34.0,8.2L/100km,2021-06,性价比超高！ 空间大，商用家用两相宜，不必多说。 基础配置不错，标配的东西实用，该有的基本都配备了。 动力足够，我认为正常使用绝对绝对没问题，人1.5t都够用，这2.0t怎么不够用了？当然，你把它当法拉利开，当卡车拉货，当公交车拉人，这肯定不够用。 整体驾驶感受不错，包括底盘反馈，nvh，动力响应，操控轻松，三大件的匹配调校等，都是同级别优秀水平，不输bb的同档同级同价产品。个人觉得a6还是一如既往的中庸设计取向。我没看出哪里激进，从内到外，连皮带骨都是均衡的表现，没有特别优秀的地方，但你也挑不出啥毛病。别人做的差的地方，它起码还有点良心，方方面面起码说
大气的芒果4018,2021-09-24,奥迪A6L 2021款 45 TFSI quattro 臻选动感型,5.00,41.8,10.5L/100km,2021-06,空间 这辆车的空间还是比较不错吧，无论是乘坐空间还是储存空间，我觉得都是非常的够用，特别是在储存空间方面，这一点也是做得非常的好，如果想要出行旅游的话，放好几个行李箱是完全不在话下的。 外观 这辆车的外观就更加好看了，这也是令我最满意的一个地方，家族式的前脸，让它的辨识度非常的高，而且也是非常的好看，从侧面看，整辆车的车身线条感也是非常的霸气。 内饰 我会认为这辆车饰方面做得非常的好看，简单大气而又透露着豪华感，这就是我对这辆车内饰最大的理解，而且这款车的内饰方面，科技感还非常强的。 动力 我认为这辆车的动力非常的强劲，特别是起步的时候，那股强劲的
超群绝伦小马4046,2021-09-13,奥迪A6L 2021款 45 TFSI 进享人生版,4.43,44.0,9.2L/100km,2021-08,选这款车前，奔驰E300L（试驾过）、奔驰GLC300L（试驾过）、雷克萨斯RX（试驾过）、雷克萨斯ES300H、宝马X4（宝马5系家里因为有一辆没去看）、进口大众途锐2.0T锐尚版（试驾过），最终综合考虑下来，还是选择了这个奥迪21款45进享人生版。奔驰E300L改款后外观感觉一般了，内饰那是有奔驰范，豪华感强，但是车身用材和驾驶感受不是我所喜欢的；奔驰GLC300L新款改进了点，但是那个发动机加速噪音、车身长度也没有引起我的强烈购买欲望；雷克萨斯RX开起来的发动机加速线性和噪音实在不敢恭维，操控性不是我的菜，尽管有售后服务保障，那也是加价提车车主提前
风华绝代土豆4135,2021-09-11,奥迪A6L 2020款 40 TFSI 豪华动感版,4.71,40.0,8.9L/100km,2020-11,会选择这辆车，是因为它的性价比，我觉得这辆车的性价比是挺不错的，价格方面还算合理，而且配置方面也是杠杠的，非常的实用。对于外观方面，我真的是非常的满意，前年的设计，真的是非常的好看而且车身也是很湿滑，看起来非常的好看，整体看上去非常的时尚大气。放在现在跟新款比起来也不会落伍。内饰方面我觉得还算是挺不错的，用量方面比较良心，而且它的分布还是挺合理的，看起来非常的好看。性价比我觉得挺不错的，虽然说在空间方面还有舒适度方面做的不是特别特别的满意，但是其他方面我觉得还算是可以的。
超群绝伦牡丹4905,2021-08-16,奥迪A6L 2021款 40 TFSI 豪华动感型,4.29,35.2,10.2L/100km,2021-08,1.动力够用，一般人绝对够用（即使拿来嘣其他车） 2.外观大气，比E级强的不是一点点，选车时压根不考虑e 3.内饰漂亮，特别是加装了梣木内饰，虽然奔驰内饰感觉bba里第一，但是奥迪这款内饰确实进步很多，个人觉得比宝马强 4.油耗还可以，一半高速一半市区10.2，跟第一辆老款别克比起来这都不是事 5.操控可以，比较5系差别不明显（但是还是有点差距），e就不提操控了（除了内饰好点啥也不是） 6.顿挫？基本不存在，排除5系就是因为地库出口起步的顿挫和低速拖档 7.说说缺点:选装的20寸大轮毂，高速噪音大的没法形容，选装的原因自己忍了，可是你给了个一脚踢为啥从来
过目不忘冬瓜5455,2021-02-05 2 条追评,奥迪A6L 2021款 45 TFSI 臻选致雅型,5.00,37.15,7.5L/100km,2021-02,人生中第三辆车，看过奔驰E2601.5t➕48付轻混，感觉动力后期不行，E300提车需要加价，而且4门两盖不是钼合金的，也看过宝马525和530，今年不知道是疫情原因还是怎么了，宝马也没有优惠了，21款宝马5系，在南京居然不优惠，拿人当韭菜割，放弃了奔驰宝马，偶然间接到奥迪销售电话告诉我奥迪现在可以优惠7万多，第二天去看车试驾，觉得还是45TFSI动力比较强，1.12号直接订车
车手51386924VE,2021-08-09,奥迪A6L 2015款 35 FSI quattro技术型,4.00,49.98,12L/100km,2015-05,关于这款自然吸气a6给我的综合感觉还是不错的，首先空间大，对于一般的家庭来说，坐四个人是非常的舒适的，后备箱空间大小适中，地盘软硬适中，过减速带非常舒服。缺点比较明显2.8自然吸气6缸的机器并没有给我带来很强的动力，百公里加速8.9秒真的是有点无力，平常市区跑比较费油，只能说买它当时只是为了他的地盘舒适，空间大，还有他的四驱系统。7档双离合还好是自然吸气的车，要不也许顿挫会很大吧
车手47398338YN,2021-06-27,奥迪A6L 2019款 45 TFSI 臻选动感版,5.00,41.0,10L/100km,2019-04,科技感提升了，很多，外观也年轻了，动力不错，空间很大，足够用，
恁的高先生Tr,2021-05-28,奥迪A6L 2008款 2.4舒适型,5.00,55.0,12L/100km,2008-10,外观：外观很满意，外形稍显低调，但不缺乏时尚动感，整车的线条体现更是完整，看起来更为流畅。内饰：客观的讲，对于一辆45万左右的车来说，内饰只能说是过得去，不过新车的味道比我想象的要小得多。 空间：乘坐空间非常够用。储物空间：储物空间不够，后尾车箱空间不够用。出游时体会到的。配置：电动后备箱居然是选配的，就让我安静地吐槽一会吧。 动力：没感觉不够用，只要你敢给油它就敢给你推背感的加速，在等红灯起步时候，你会发现很多车头在你的后视镜里面徐徐前进，也许是别人温柔驾驶吧。操控：总体来说操控性还是不错的。车子转向比较灵活，方向盘很轻。 油耗：市区油耗11个多油，高
车手32390343ZJ,2021-02-20 1 条追评,奥迪A6L 2021款 45 TFSI quattro 臻选动感型,5.00,39.0,11L/100km,2020-12,我最先看中的是glc coupe和A6，但是奔驰的油耗普遍比奥迪多一点，养护费用也高一点
戎石wl807f,2021-05-12 1 条追评,奥迪A6L 2016款 30 FSI 舒适型,5.00,38.5,7.6L/100km,2017-04,空间大，动力十足。驾乘舒适，行驶平顺，油耗低，百公里七个油。外观漂亮，内饰清秀。美中不足是立屏太小，导航不能更新几乎被废掉了。底盘偏低，稍微高一点的马路牙子就上不去。没有无钥匙进入也是一个不足，座椅加热通风都是加装增加了成本。其他就没什么了。总之是一款我所以爱的好车！
开黑吗出库,2021-05-05,奥迪A6L 2020款 45 TFSI 臻选动感版,4.86,36.6,9.6L/100km,2020-10,买这款奥迪A6L一大部分原因还是看重了它的独特的外观设计了，感觉非常时尚炫酷，独有的运动外观套件感觉设计也是非常年轻了，很时尚潮流，别具一格。 最满意 新款A6变得更运动了，一改以往官车形象。而且航空虚拟座舱式的涉及真是科技感爆棚，加上氛围灯的装饰，比较符合年轻人的口味。但最重要的是品牌官降给力，BBA同级里优惠幅度最高的车型了。 最不满意 新车味道很大，音响有核磁共振的情况发生。时不时有车子怠速抖动的情况。另外车内音响效果很普通拆车一看只有10个喇叭，还没有品牌。作为豪华车型，这么偷工减料确实说不过去。 空间 空间很大，奥迪抠空间的能力名不虚传。我1米
阎少峰万豫y66,2021-04-29,奥迪A6L 2020款 40 TFSI 豪华动感版,5.00,36.0,8.8L/100km,2020-04,【空间】 空间那是超级大，后排各种葛优躺!家人朋友坐后排都很舒适，减一颗星就是前排找不到合适位置放手机。 【动力】 190马力对我来说足够了，本来是想买45高功率，试驾下来感觉动力差不多，而且长时间用车都是上下班，距离不到5公里。预算足肯定推荐55，不会推荐45。 【操控】 方向盘非常轻盈，比我现在八代雅阁和君威轻盈多了，刹车也很满意!底盘也挺有高级感。减一颗星是因为感应后备箱太差了，建议厂家换电动尾门或换个座椅加热、车道保持之类。 【油耗】 开空调。目前综合油耗在12.5，和我爱人的君威差不多。我不理解大家低于10个油是怎么开出开的。 【舒适性】 我感
Fairy晴,2021-04-19,奥迪A6L 2021款 40 TFSI 豪华动感型,5.00,35.0,10L/100km,2014-04,奥迪A6L，低调奢华有内涵哈哈哈😄这个黑色的是老公选的，偶尔我限行也会开着调整调整出行，所以这个车子总体还是比较满意的，首先空间还是比较宽敞一家三口非常够用的，然后这款车舒适度也还可以，商务感满满但是还算比较柔然温和，而且操控起来比较轻盈舒适，属于一家三口性价比相对比较好的选择，重点是油耗很友好，一家人使用非常方便，值得拥有。
紫色葫芦媚,2021-03-01,奥迪A6L 2020款 45 TFSI quattro 臻选动感版,4.57,39.4,10.5L/100km,2020-07,主要还是因为要买来家用吧，舒适度也够，外观也很大气，开出去有面子。
会唱歌的云俣,2021-03-01,奥迪A6L 2020款 40 TFSI 豪华致雅版,4.71,34.4,8.1L/100km,2020-06,平常主要上下班加偶尔外出见客户用，对于动力方面没有极致要求，运动模式下也能有推背感感觉还可以，高速上跑感觉有点力不从心，对于超车等动作不自信，感觉比宝马的提速还是差点。
指尖余温ru,2021-02-28,奥迪A6L 2020款 40 TFSI 豪华动感版,4.86,34.35,8.3L/100km,2020-08,便宜，优惠。非常适合我作为第一辆车使用的车型。
郑炜888,2021-02-27,奥迪A6L 2018款 30 FSI 典藏版,4.86,38.0,11L/100km,2018-12,一直很喜欢奥迪的车，感觉没那么高调还不失地位，很喜欢这个自吸v6加cvt变速箱，开起来很稳，挂上S档动力瞬间就上去了，可攻可守，而且不烧机油，这个特别好，还有感觉18款的前后LED灯特别漂亮。
至少我曾经,2021-02-24,奥迪A6L 2020款 40 TFSI 豪华动感版,4.86,34.38,8.3L/100km,2020-11,优惠幅度大，喜欢A8实力不够啊，感觉没有选择错误，没有失望。
远驾驭,2021-02-20,奥迪A6L 2020款 45 TFSI 臻选动感版,4.43,36.48,10.5L/100km,2020-08,前前后后看了凯迪拉克CT6，雷克萨斯ES260，沃尔沃S90，奔驰E300，宝马530LI等等，觉得奥迪的优惠挺大的，维修保养业方便。
声名从此大评,2021-02-09,奥迪A6L 2020款 45 TFSI quattro 臻选致雅版,4.43,39.98,8.7L/100km,2020-08,个人比较偏向于轿车吧，买这台车之前一直在钻研530Li，比较想入手，后来父亲大人觉得五系开着太年轻，在我万般洗脑之下还是被迫选择了放弃，毕竟我没出这个钱，没选择E级是在农村显得高调，去年家里新增加了两位成员，感觉还是买大一点的车子比较好，五口之家出行什么的后排空间也极其大，比老雅阁大多了。
西厢明月渡,2021-02-08,奥迪A6L 2020款 40 TFSI 豪华动感版,4.43,37.0,10.6L/100km,2020-02,之前看325Li，优惠大，各方面中规中矩，外加宝马销售的不负责任，试驾发现新6a真还可以，自己也32岁了，就选他吧。
百折不挠轿跑4909,2021-02-06,奥迪A6L 2020款 45 TFSI quattro 臻选动感版,4.86,38.32,11L/100km,2020-06,相比同级别宝马奔驰，性价比很高。这个价格买宝马奔驰买不了太高配置。相比奔驰的沉稳雅致，宝马的小家碧玉，我还是更喜欢奥迪这股子酷劲
不说不可能婪,2021-02-05,奥迪A6L 2020款 45 TFSI quattro 臻选动感版,4.57,36.76,10.5L/100km,2020-10,40-45-45quattro 没有麻烦的选择，我一直以来都喜欢奥迪，本来考虑了几天A4和A5，或许是空间和老款内饰的问题，一开始想买40的，因为便宜，也有点虚荣心吧，主要还是觉得40的配置就足够我用了，我对配置要求没有那么复杂。可是氛围灯我特别喜欢，家里面我最喜欢灯光的布置，无奈40没有，只能看看45了，然后订车。
车手30225309NH,2021-02-03,奥迪A6L 2021款 40 TFSI 豪华致雅型,5.00,41.0,9L/100km,2020-09,老丈人是奥迪忠实粉丝 第二辆车还买的A6L
你的存在不,2021-01-31,奥迪A6L 2020款 40 TFSI 豪华致雅版,4.71,35.98,9.8L/100km,2020-09,我觉得我这个年纪了也该换个好点的车了，自己有也这个经济能力，就换了。
裙de女孩,2021-01-31,奥迪A6L 2020款 40 TFSI 豪华动感版,4.43,35.98,8.9L/100km,2020-07,在看A6之前，跟朋友去车展逛直接定了QX50，其实这车也还不错，四驱，270匹，符合我的需求，后来跟朋友们一起吃饭，都建议我这个预算肯定上BBA，于是第二天就去退定金，还白白损失了2000块钱；然后就决定去买Q5，看中天云灰，价格都谈好了，后来被告知谈好的价格不卖了，临时涨价，可能因为这个颜色比较稀少不愁卖。接着销售建议直接上A6，看了内饰比较吸引我，这样马上谈了价格就定了A6，现在想想还是买到了最值得买的车。
撩友缇式秭案,2021-01-27,奥迪A6L 2020款 45 TFSI 臻选动感版,5.00,43.5,8L/100km,2020-12,经济实惠，养车方面也不会有太大的经济压力，而且车的空间也足够日常使用，整体来说，这款车很值这个价格的。
屿卿杀手,2021-01-25,奥迪A6L 2020款 40 TFSI 豪华动感版,4.71,35.98,8.9L/100km,2020-05,当时优惠幅度比较大，性价比满大的，然后奥迪a6l是一个比较均衡的车型。
居心演员,2021-01-24,奥迪A6L 2020款 45 TFSI quattro 尊享动感版,4.57,45.68,10.4L/100km,2020-09,我一直就想买A6L了，现在经济预算方面比较宽裕了，果断就换了A6L。A6L的性价比蛮好的，入手的我觉得还是很划算的。
雪月花月,2021-01-23,奥迪A6L 2020款 45 TFSI 臻选动感版,4.71,36.96,9.5L/100km,2020-07,最开始一直在易车关注Q5L，后来去试驾整体很失望尤其内饰Q3都比他好太多果断放弃，宝马没好感，舅老爷前段时间买了开过几天坐姿和视线不如A6开着轻松。
信人19號收,2021-01-23,奥迪A6L 2021款 45 TFSI 臻选动感型,4.86,37.78,8.6L/100km,2020-12,上个车是宝马老款5系，不想在宝马了，然后奔驰e也考虑过，不过喷子多怕真的质量不行，而且e中期改款有点丑，所以试试奥迪。
婶今儿个寄,2021-01-23,奥迪A6L 2020款 55 TFSI quattro 旗舰动感版,4.86,54.63,11.9L/100km,2020-06,"其实从去年底开始, 我就已经把换车提上了日程,当时试驾了: A7 ( 2019款3.0t)、A6L( 45tfsi)、5系(525)、Q5L、GLC300、 X3、 XT6, 有人肯定问咋没有E300L ,因为我第一个pass掉的就是E300L, 之前长途开过,座椅真的不舒服总感觉坐上去是歪的(也有可能是我的屁股歪,我可不是奔驰的黑子哦) , 而且开过C8这代A6L后再对比E300，最后还是选择了A6L的55旗舰动感"
提起罚薄姬,2021-01-22,奥迪A6L 2020款 40 TFSI 豪华致雅版,4.57,35.98,8.9L/100km,2020-10,我感觉我能够选择奥迪A6L原因很简单，就是因为价格好，很便宜，用起来也高大上。
失宠望,2021-01-21,奥迪A6L 2020款 40 TFSI 豪华动感版,4.86,35.98,11.3L/100km,2020-08,在BBA类型的车中，作为C类车的价格还是非常给力的，贵的买来改不起。
冰河林彬梦,2021-01-21,奥迪A6L 2020款 40 TFSI 豪华动感版,4.29,35.98,8.5L/100km,2020-07,一家三口，父亲开7系，我也会开车，就买一辆家用得车，父亲也挺喜欢奥迪这个品牌，当时看车，就看外观跟内饰动力配置啥的可以不用管，日常家用就够，所以当时就看内饰很外观所有配置都没看，直接买了。正常来说不适合我这个年龄开，不过接触的人都是比较成熟的，慢慢变得成熟商务起来，本来想买科迈罗，不过最后我还是不选择拉风，而是选择成熟稳重家用！
见面今晚与,2021-01-15,奥迪A6L 2020款 45 TFSI quattro 臻选动感版,4.43,41.98,9.8L/100km,2020-10,1，接待应酬 2，为了自驾，选了个四驱 3，性价比
金凌宝貝,2021-01-14,奥迪A6L 2020款 45 TFSI quattro 尊享致雅版,4.57,43.2,10.7L/100km,2020-07,刚好需要换一辆车，全家人都看了喜欢A6L，就买了。性价比还是蛮高的，配置也蛮高的，也蛮实用的。
老去真,2021-01-14,奥迪A6L 2020款 45 TFSI 臻选动感版,4.71,38.7,11.5L/100km,2020-04,空间足够大！外形足够吸引！动力足够诱惑！
祂教我忘記运,2021-01-13,奥迪A6L 2020款 40 TFSI 豪华致雅版,4.57,33.89,9.9L/100km,2020-07,我觉得A6L的各方面都比较优质，所以才选的。
无敌蚊香毡,2021-01-11,奥迪A6L 2020款 40 TFSI 豪华动感版,4.71,35.98,10.1L/100km,2020-07,第一肯定是品牌效应了，第二是空间，第三是经济方面。
缎袍阡陌,2021-01-08,奥迪A6L 2020款 40 TFSI 豪华致雅版,4.57,35.98,10.5L/100km,2020-10,价格合适，在我的能力范围，外观好看，我入手这个配置的性价比我觉得是很高的。
乏味瞌睡,2021-01-07,奥迪A6L 2021款 45 TFSI quattro 臻选致雅型,4.86,46.88,11.3L/100km,2020-11,bba当中，没敢选e和马，感觉e这两年口碑不怎么好，马还可以，就是超预算，a6是最喜欢的，价格没得说，而且低调还气场也足，相对同级别凯迪 林肯 捷豹来说总感觉要好一点，家里人也喜欢这个，所以就没啥好说的了，乘年轻，给自己点压力，盘它。
繁华复,2021-01-07,奥迪A6L 2021款 45 TFSI 臻选动感型,4.71,38.9,10.3L/100km,2020-12,家里之前也有10款的老A6除了烧点机油，其他毛病很少，方向轻，车门厚实，底盘沉稳，加上新款C8外观更加运动。
芳兰赋,2021-01-07,奥迪A6L 2021款 45 TFSI 臻选动感型,4.86,38.17,10.1L/100km,2020-12,奥迪是一直以来的梦想，也考虑过A4L顶配和Q5高配，后出于商务和家用的用途放弃了，其实也都是不错的选择，新一代的A6L外观真的很年轻，动力调校也很激进，是00后的我的不二之选，作为人生第一台车，A6L给我的感受真的是很不错的。
车手27511167QM,2021-01-05,奥迪A6L 2020款 40 TFSI 豪华致雅版,4.00,33.5,11L/100km,2020-01,我发现选择这款车改版后的消费者也是来自我们这些年轻人。经过一段时间的使用发现了他有着不错的品质，不光是耐看，用起来也是同样棒的。对于我来说它再合适不过了，如果可以给它形容词，我想一定是年轻时尚，有质感，实用性最高最为贴切 有人可能被他的智能安全配置所打动，有人可能被他的驾控品质所触动心弦，每一个部位每一个特点都会成为选择它的理由
喻咬涛拚劳磐,2021-01-04,奥迪A6L 2020款 40 TFSI 豪华致雅版,5.00,40.2,9L/100km,2020-11,说实话也正是结合了它的性价比才买了这辆车，又被它的外观和配置所吸引，我买的是黑色的，而且它那个辅助驾驶系统真的很贴心，我平时用车更方便了，辅助配置加上酷酷的外观，自己很喜欢，家人也都支持，于是就拿下了这款车。
天亦笑谂,2021-01-02,奥迪A6L 2020款 40 TFSI 豪华动感版,4.57,33.78,10.5L/100km,2020-07,外观好看，内饰大气，价格实惠，没有理由不选A6L。
地主你去,2020-12-31,奥迪A6L 2020款 40 TFSI 豪华动感版,5.00,40.5,7L/100km,2020-09,喜欢外观，之前一直看的X3，那天上午都已经和老婆定下来了，准备下午去宝马那付购车定金，中午时老婆突然建议去看看奥迪，感觉对X3还是将就的态度，那说去就去，一去就看到了展厅的现车，直接上头了，马上对这款车打探了解了一下午，谈好优惠居然当天就定了，也是服了我们自己。
飞舞冰城偎,2020-12-31,奥迪A6L 2020款 40 TFSI 豪华致雅版,4.86,34.2,10.3L/100km,2020-08,关于选择奥迪A6L的原因，我最终选择A6L我觉得外观占了一大部分原因，这个级别的车子我觉得其他啥东西都没有必要看了，就是看喜欢不喜欢外观，还有价格的问题。
不想解了,2020-12-30,奥迪A6L 2020款 40 TFSI 豪华致雅版,4.43,35.98,11.8L/100km,2020-07,我也有考虑过沃尔沃S90，我觉得虽然说沃尔沃的性价比更高，但真不如去买A6L，因为后期的用车成本更低，而且保值率也更高，尤其是这个品牌带来的用车感受，绝对是S90不能比的。
文中侠扔,2020-12-27,奥迪A6L 2021款 40 TFSI 豪华动感型,4.86,35.7,8.8L/100km,2020-11,家用，商用，都可以开 还能开出去装装笔。
我是小户馅,2020-12-23,奥迪A6L 2020款 45 TFSI quattro 尊享动感版,4.71,43.5,10.6L/100km,2020-06,对比了很多车的，但是一直就是觉得很喜欢A6L的车标和奥迪的品质。
ucncd,2020-12-20,奥迪A6L 2020款 45 TFSI 臻选动感版,5.00,43.5,8.6L/100km,2020-10,车子开了1754公里了，目前没有什么问题，开起来很安逸。在同级别中性价比是最高的，外观大气，内饰的设计很搭配。科技感很强，配置很高，安全更有保障！
天风海涛覆,2020-12-20,奥迪A6L 2021款 40 TFSI 豪华动感型,4.86,36.3,9.2L/100km,2020-12,我觉得选择奥迪A6L不需要什么理由啊，喜欢就好了。
xdbvm扰,2020-12-20,奥迪A6L 2021款 40 TFSI 豪华动感型,4.57,35.9,8.7L/100km,2020-12,dream car，奥迪梦，性价比相对5系和e级更高。
带电合地刀肺,2020-12-19,奥迪A6L 2020款 45 TFSI quattro 尊享动感版,4.29,42.1,9.5L/100km,2020-10,18岁了解车起就有个奥迪梦，最初被tt车型吸引，30岁成家立业了，考虑家庭事业最终选择了a6 45尊享动感这个配置。
vhsgb搅,2020-12-18,奥迪A6L 2021款 40 TFSI 豪华动感型,4.71,36.3,9.2L/100km,2020-11,大空间，高颜值，我觉得奥迪A6L就是我的菜，没有理由不买啊。
甄蔚闵薛索,2020-12-17,奥迪A6L 2020款 55 TFSI quattro 尊享致雅版,5.00,54.4,9L/100km,2020-10,机的力量很大，跑起来也不输轿跑，还有就是它的商务气息很让我满意，没有什么不喜欢的地方。
木可南兑,2020-12-17,奥迪A6L 2020款 40 TFSI 豪华动感版,4.57,34.83,11.1L/100km,2020-09,A6L的空间充足，外观好看，内饰精致，我觉得选择A6L就是这些个原因。
隗陆梁查艾,2020-12-17,奥迪A6L 2020款 40 TFSI 豪华动感版,5.00,40.2,9L/100km,2020-10,整车的性价比很高，无论是外观内饰方面都很不错，整车的档次感也有，品质也是不错的，整车的外观更是亮点，花这个价位，能买到功能这么齐全的车，我还是觉得性价比高，值得！
都市鄂人父,2020-12-17,奥迪A6L 2020款 45 TFSI quattro 臻选动感版,4.71,39.93,9.2L/100km,2020-08,低调，经济。奔驰宝马都是好车，各有优劣，看自己取舍。
离开香谆,2020-12-14,奥迪A6L 2020款 40 TFSI 豪华致雅版,4.86,34.78,9.5L/100km,2020-07,说到选择奥迪A6L的原因，我觉得原因就是外观大气，内饰好看，然后主要是价格在我的预算之内，完全没有超我的预算，甚至还有可以留一点私房钱，所以入手奥迪A6L也是必然啊，肯定的。
言之不预也,2020-12-11,奥迪A6L 2021款 45 TFSI 臻选致雅型,4.43,44.38,9.5L/100km,2020-11,当时直接就冲着奥迪A6L来了，其他品牌没有多考虑，因为我觉得这就是最适合我的一个呀，不管价格也好还是本身的品质等等各方面都做得比较优秀一些，一汽的装配工艺，包括车子的用料以及配置等等各方面都要好很多。
偶是马叉虫墓,2020-11-21,奥迪A6L 2020款 45 TFSI quattro 尊享动感版,4.71,43.58,11.5L/100km,2020-07,就是因为外观好看，内饰也好看，价格也合适，就买了。
梅敖于柏仇,2020-11-18,奥迪A6L 2021款 40 TFSI 豪华动感型,5.00,33.99,8.2L/100km,2020-09,内饰比较好看，而且操控感也比较强，驾驶体验比较好，试驾之后就决定买这辆车了
史璩next,2020-11-16,奥迪A6L 2020款 40 TFSI 豪华动感版,5.00,40.2,9L/100km,2020-05,本人于2020年购买了20款奥迪A6L 我觉得A6L的性价比在这个级别之中是很好的，不用加装，价格不贵，是属于豪华品牌里面性价比很高的。
党骆安闵怀,2020-11-16,奥迪A6L 2021款 45 TFSI quattro 尊享动感型,5.00,50.5,10L/100km,2020-06,本人于2020年购买了20款奥迪A6L 性价比还是查高的，我觉得现在这个优惠力度来讲的话还是很划算的，这个车的外观很好看的，外观方面我觉得算是没什么可以挑剔了的，我和我的家人都是非常的喜欢的，还有各方面的表现都很好
竺叶曹岑缪,2020-11-16,奥迪A6L 2020款 45 TFSI 臻选动感版,5.00,43.5,12L/100km,2020-06,本人于2020年购买了20款奥迪A6L 本来没想买车的，群里唠嘻，聊到车，朋友们太热情了，不买不行了，随便买个凑合，对车需求不大，上下班一公里~已经有辆车了，谈生意也不需要充排面，不过买了以后还是很香的
龙饶邴吕汪,2020-11-11,奥迪A6L 2020款 40 TFSI 豪华动感版,5.00,40.5,9L/100km,2020-05,买它主要是外观的原因，太霸气，太好看了。开出去做生意特别有面子。买来，总体还行，毕竟性价比很高。
虞左堵邱韩,2020-11-01,奥迪A6L 2020款 45 TFSI 臻选动感版,5.00,43.2,9L/100km,2020-06,我是2020年买的20款A6L 这款车属于在预算内性能最高的一款，车型也很美观，这款车型的性价比也很高，这款车的空间也很大，满载的情况也不会感到很拥挤，非常适合一家人出行。
悬崖勒怎么办,2020-10-15,奥迪A6L 2020款 40 TFSI 豪华致雅版,5.00,39.0,10.5L/100km,2020-07,"刚开始是定位A6L乞丐版的,也没什么好选的,中大型BBA就它性价比最高了( 最便宜),但又听说A6L的质量等一系列问题又犹豫了一段时间。那好吧,对比了 ES200更省钱、省心了，过年前问,落地要35万多, 2.0的乞丐版,加价2万, 还不是现车啊!所以,后来还是选A6L吧!"
賈軒7LCuD8,2020-10-01 1 条追评,奥迪A6L 2007款 2.4 CVT 尊贵型,5.00,52.0,9L/100km,2007-12,当时买这个车算是豪华的 无论外形和动力来说 没得挑
雍容华贵蜻蜓5099,2020-10-03,奥迪A6L 2020款 55 TFSI quattro 尊享致雅版,5.00,48.0,9.5L/100km,2020-07,一进车店的第一眼我就看到了A6虽然不是特别亮眼，但是越看越耐看，改款之后感觉车身加长了不少，颜值也提高了不少
啊远啊84,2020-07-16 1 条追评,奥迪A6L 2020款 40 TFSI 豪华动感版,5.00,33.8,8.9L/100km,2020-07,一开始是在s90 五系 A6之间考虑了好久，然后首先考虑了保值的情况没有买s90再后来给4s店打电话的时候宝马的服务态度直接就很让人反感了 因为我的年龄较小，当时奥迪没改款得时候是没有考虑a6的后来改款了一眼就惊艳到了然后因为某些原因拖到现在才买
世界那么大一起看,2020-07-20,奥迪A6L 2019款 45 TFSI 臻选动感版,5.00,43.3,11L/100km,2019-07,不愧是中国的官车，空间足够大，乘坐舒适，日常家用足够了，后排空间非常的给力性价比很高
小富LA44rp,2020-06-22,奥迪A6L 2016款 45 TFSI quattro 运动型,4.00,42.0,9L/100km,2016-05,家庭用车需要一台成熟稳重的车，宜商宜家又不想太商务所以选择3.0T
王洋8567,2019-08-24,奥迪A6L 2019款 45 TFSI quattro 臻选动感版,5.00,39.0,9L/100km,2019-07,对A6情有独钟 就去看了看奔驰E 感觉不是自己想要的 果断回来选A6 上一台车也是A6
杜卡迪迪迪,2019-08-10,奥迪A6L 2018款 30周年纪念版 TFSI 进取版,5.00,35.68,7.7L/100km,2018-06,看过本田冠道，其实我感觉挺好的，后排前排空间都无敌，无奈老婆看不上，说这是个本田再换还是本田，那就别换了。后来直接到奥迪4s店看车。试驾一下，感觉挺稳重的，方向盘灵活。主要看重外观，时尚大气很耐看。
热爱生活热爱音乐,2019-07-24,奥迪A6L 2018款 30周年纪念版 TFSI 进取版,4.00,35.0,9L/100km,2019-03,一直都很喜欢奥迪这个牌子，低调，内敛有品味，这就是我对它的评价.当时买车就觉得要买奥迪车，众多车型为什么要选择它呢，其实第一眼的感觉很重要，轿车个跑车结合的外表很吸引我，而且内饰的空间大，各种丰富的配置，用一句话来形容就是，高端大气上档次，低调奢华有内涵，
徐玉娟姐,2019-07-24,奥迪A6L 2019款 45 TFSI quattro 臻选动感版,5.00,44.0,,2019-06,配置：全景天窗、运动座椅、三个大屏幕、倒车影像、手机互联MMI、城市前部版安全系统、氛围灯、BO音响
小小碧燕,2019-06-25,奥迪A6L 2019款 45 TFSI quattro 臻选动感版,5.00,44.0,,2019-05,【分享我的爱车】 #最满意# 1、内饰：三块大屏幕的设计，真的很显豪华高档，类似A8的设计，并且屏幕上会有按键触摸反馈； 2、座椅：选择的是动感型，座椅是带翻毛皮的，我个人比较喜欢，更透气，更有运动气息，也不至于那么的压抑； 3、LED大灯，不得夸一夸奥迪做灯的的灯厂，前大灯和后尾灯相呼应，确实很犀利大气，辨识度高，照射面积广； 4、空间：C级轿车的空间还是完全够用的，后排乘坐也舒适 #不满意# 车门不太好关闭，经常有关不紧的情况，要很用力才行 #选车理由# 同级别车型来说，性价比还是不错的，这一款车型改款很成功，奥迪的品质一直都非常的认可，从做工
啊今天我考虑,2019-06-19,奥迪A6L 2019款 45 TFSI 臻选致雅版,5.00,40.2,12L/100km,2019-02,本人2019年购买了19款的奥迪a6l. 最满意的地方就是这款车的外观，以前考虑了奥迪的a4l，但是空间比较小，还有就是乘坐奥迪a6l比较舒服。新款车型配备矩阵式大灯， 空间方面比老款大一些，之前还感觉这次改款之后后备箱变小了，用了一段时间感觉后备箱非常深。不错的空间非常够用。 动力方面采用高功率，2.0t涡轮增压发动机，起步的时候还是比较冲的，但是到后期感觉没有机械增压的好。 个人感觉方向盘还是比较轻便的，要比奥迪a4l重一些。而且转向比较精准，但是车身比较长，在市区内行驶，转弯半径比较大。 目前百公里，在市区内行驶的油耗在12升油，严重拥堵的路况更高
ycresets32369064,2019-05-23,奥迪A6L 2017款 30 FSI 技术版,4.00,43.8,,2017-05,"选择台车主要还是因为外观漂亮,动力十足。品牌大，能拿得出手。"
ycresets32722812,2019-05-10,奥迪A6L 2018款 35 TFSI 典藏版,5.00,41.7,,2018-03,"大品牌值得信赖，动力足,外观抢眼,安全系数高,舒适。"
子3730704,2019-05-06,奥迪A6L 2017款 TFSI 技术版,5.00,42.0,9L/100km,2017-08,买车主要参考品牌。外观必须帅气。开起来又舒服。好几个朋友都介绍奥迪。看来看去也是a6 :较适合。
ycresets33056729,2019-05-05,奥迪A6L 2017款 TFSI 舒适版,4.00,45.0,,2017-03,"外观大气,动力强劲,空间宽敞舒适。"
80后刘郎,2019-05-01,奥迪A6L 2017款 30 FSI 技术版,5.00,37.0,11L/100km,2017-08,【本人于2017年购买了2017款奥迪A6L技术型】 入手A6L后，朋友从早期叫我姓名到后期叫我四圈车，最后简称我为四圈。可见这个四个圈的品牌在国内的口碑和魅力还是 较富影响力。 #最不满意 品牌溢价偏重，价格偏高。（不满意和满意放在一起心理就平衡了） #最满意 都很满意，不限于外观、内饰、动力与品质，从面到点都做得较完善的一款车。 #外观 气场也是非常足，商务味浓，有人可能会说品牌衬托出气质，但我觉得即使把四个圈扣掉的话，它的外观设计绝 对也是高颜值。 #内饰 用料讲究，做工细节处理较好。中控伸缩屏设计较人性化，也显科技
98K突击,2019-04-16,奥迪A6L 2017款 30 FSI 技术版,4.00,38.0,11L/100km,2017-07,整车大气，做工样式奢华，舒适感好，档次感很高，品牌的价值体现身份
快如闪电雪梨3805,2019-04-15,奥迪A6L 2019款 45 TFSI quattro 臻选动感版,4.00,43.8,11.7L/100km,2019-03,之前一直在纠结奔驰e和新奥迪，最后还是选择了奥迪，a6的内饰和侧脸确实更吸引我。
晦迹韬光椰子3343,2019-04-15,奥迪A6L 2019款 45 TFSI quattro 臻选致雅版,5.00,47.88,10L/100km,2019-01,#最满意 最满意的地方就是新款奥迪A6L的这个中控了，我个人认为这个可是2019款的A6最大的卖点了，真的是非常的有科技感，也非常的帅。 #最不满意 不满意的地方就是新款的A6还是延用了EA888的第三代，虽然和二代的EA888相比，三代的发动机优势很大，但是还是避免不了后期烧机油的问题，我觉得虽然新车刚上市，但是6-7万公里以后烧机油估计是跑不了了。 #空间 新款A6的空间一如既往的优秀，虽然融入了很多年轻运动的元素，但是空间的表现没有打很大的折扣，当然后排的头部空间比起上一代略有缩小，但是不影晌。 #外观 这次的A6L外观也有了很大的改观，
ycresets32083222,2019-04-11,奥迪A6L 2017款 30 FSI 技术版,5.00,39.5,13L/100km,2018-03,性能好，空间足够大，外观漂亮，操控性强。
一直纵容你88,2019-04-06,奥迪A6L 2017款 45 TFSI quattro 运动版,4.00,48.0,9.5L/100km,2017-05,奥迪A6L车型非常的成熟，速度与舒适性还有操控上都很兼得，科技感非常强，整车的配置高，性价比我觉得很不错
ycresets28904816,2019-03-25,奥迪A6L 2019款 45 TFSI 臻选动感版,5.00,43.38,8.5L/100km,2019-03,"#内饰 全新的奥迪A6L的内饰就是我选择这个的车一大部分的理由确实是做出了很大的改变，整体风格可以说是科技感十足，开出去上哪都显得很高端可以说是买了台A6，顶替了一台A8,的商业价值，可能是新款跟a8太像了，走哪都有人说我去换A8啦，中控台三块大屏一看就显得很大方，（几乎是跟A8一模一样）看着就很喜欢！尤其是仪表全液晶显示时速表也是可变大变小切换，满满的科技感，内饰座椅是偏软的，我的是运动座椅，包裹性真的是超级好，摸上去质感很好类似于翻毛皮那种，很对的起这个价位。细节奥迪这方面不得不说处理很到位！ #空间 A6L的空间就不用多说了轴距就三米多，那么大的空"
Yangwiei,2019-03-25,奥迪A6L 2019款 45 TFSI 臻选致雅版,5.00,43.38,,2019-01,#最满意 #最满意 可以说是A6L的外观，我相信不少人看到A6L，都会被他的外观所震撼，【商务选雅致型，个人用建议选择运动型】雅致版可以说是成熟稳重，整体很有厚重感，造型很有风度！运动版可以说是静若处子，动若疯兔。我买的是标配雅致型，它的内饰风格我很喜欢，前大灯是矩阵灯，内饰设计是不得不夸突破科技启迪未来。 #外观 新款的A6L外观更加有时尚元素些，整体也是打破奥迪一贯的经典外观，变得更加成熟稳重，车头很有厚重感，车身5米多，很像领导座驾！大灯看起来很漂亮，车身线条流畅度高，做工很不错，19寸的轮毂很大很帅气，超大的全景天窗，看着就很舒服A6L的内饰做工
内敛的小鹿3666,2017-11-20,奥迪A6L 2018款 30周年纪念版 TFSI 进取版,5.00,40.6,8.8L/100km,2017-07,#油耗 油耗方面还算可以，车子提回来有几个月了，目前行驶三千多公里，主要都是在市区行驶，平均油耗8.8L，对于这个级别的车来说算是比较省油的。 #操控 对于这么庞大身躯的车子，操控方面自然比较稳当，不算很灵活。平常开车也不敢暴力驾驶。这车方向盘沉稳，指向性很明确。车子挂档还算顺畅，不会很卡顿。 #性价比 在BBA车型当中，奥迪车的性价比自然不用多说，都是大家公认好。虽然说A6L价位方面有点高，但是在了解它各方面性能之后，自然觉得这价位很值得。配置丰富，外观十分霸气，空间感不错，很值得拥有。 #动力 这车1.8T的动力对我来说很够用，平常主要是在市区行驶，
正文51,2017-10-14,奥迪A6L 2017款 TFSI 技术版,4.00,39.0,11L/100km,2017-09,#不满意 驾驶座座椅薄，短，窄，不够舒适，要是后排中间的凸起能改掉就更好了 #满意 外观大气，车灯漂亮，空间充裕，科技配置丰富，内饰豪华，动力还可以 #总评 看了沃尔沃s90，Q5，捷豹，路虎发现。沃尔沃车感觉有些傻大笨重的感觉，内饰科技感也没那么强，Q5马上更新还代了，除了全时四驱与不过时的外观，没有可选之处啊，捷豹对于我这么一个上班族来说，开着感觉总有那么点张扬，而且嫣红色的外观个人真是不喜欢，值得强调的是沃尔沃和捷豹的动力真的还不错。奔驰宝马性价比不高，最后争取了媳妇的意见，最终选择了品牌外观内饰等都看得过眼的A6L，皆大欢喜，全家都很喜欢，个人开
能言善道菠萝4438,2016-01-31,奥迪A6L 2014款 TFSI 标准型,5.00,39.1,9L/100km,2015-12,#油耗 出乎意料，综合9个油耗，家用经济 #动力 动力好，超车毫无压力，提速快 #性价比 性价比较高 #配置 功能还算不错，自己驾驶配置较全面的车了，配置科技感较强 #操控 换挡平顺，有推背感，无顿挫，指向精准，操控起来轻盈 #空间 储物空间不大，乘坐空间足够 #外观 外观不用说，绝对的低调豪华，信心多数人都喜欢 #舒适度 驾乘舒服度较高 #内饰 内饰没有想象中的那么完美，横向中控，加强了视觉延伸。 #总评 恭喜此帖荣登首页欢迎楼主下载“车友之家”App，分享您的爱车之道。更多精彩活动等着你！期待加入：http://club.yiche.com/创建属于
龙腾虎跃海豚5315,2024-07-08,奥迪A6L 2023款 40 TFSI 豪华动感型,4.07,33.2,8.5L/100km,2023-11,🕙购车经历： 大概是心情不好的时候想说走就走，出去放松一下，不用有任何的顾虑，不用求别人。在创业初期，我有一台剁椒鱼头代步，这一开也就几年了，倒也是习惯了。不过现在需求不同了，是该有台像样的车子。说实话，现在大家都不认可，就觉得A6L便宜，不如奔驰定位高，但是我真的不太接受奔驰E的各种减配了。A6开起来甩E300八条街，不管是驾乘感受，还是加速性能和静音性那不是E300能比的，300好的就是标，最后直接上A6L不后悔。 内部空间： 在高大的车身上面，A6L的车内空间同样让人满意，特别是后排座椅，坐进去十分宽敞，腿部活动空间也比较宽裕。还有宽敞的后备
含蓄的小鹿2904,2024-07-08,奥迪A6L 2024款 45 TFSI 臻选动感型,5.00,32.0,8L/100km,2024-06,选车时，豪华与舒适成为了我最关心的因素。在众多品牌中，我最终选择了奥迪A6L，主要还是信赖奥迪这个品牌。从我第一次看到奥迪A6L的那一刻起，我就知道它将成为我人生中的一部分。这款车不仅以其优雅的设计和精湛的工艺赢得了我的赞赏，更以其卓越的性能和出色的驾驶体验深深吸引了我。奥迪A6L，就是我信赖的坐骑。 这一代奥迪A6L在外观设计上给人耳目一新的感觉。它不再是那种传统的官车形象，而是更加年轻、动感，充满了活力。内饰方面，奥迪A6L虽然可能与奔驰有些许差距，但整体豪华感还是相当不错的。车内没有那种廉价塑料感，坐在车里能感受到满满的高级感。对于家庭用车来说，空
落落大方石榴3755,2024-07-01,奥迪A6L 2023款 40 TFSI 豪华致雅型,4.14,36.4,9.7L/100km,2023-11,买车时候预算40W左右，只想在BBA选择，在试驾的时候奔驰E级感受了一下，别看是奔驰E级，它后排座垫太短不舒服，果断放弃，又试驾了宝马五系，还有奥迪A6L，奥迪的a6l，这车的感觉确确实实很舒服，不管是前排和后排都有很好的空间表现，比宝马奔驰强，而且价格相对也是更划算，奥迪A6L还是比较大气的，虽然热度不如BB但是实用性绝对碾压它俩。提车回来感觉这款车在使用的过程当中动力很够用，而且也是给足了面子。 油耗表现 平时都是在市区，偶尔会有一些接亲的情况，跑一下乡下，到目前为止油耗能够控制在9.7升左右，这样的油耗对于一款这么大的车来说已经不高了。 😯最不
开门见山香瓜3021,2024-06-25,奥迪A6L 2023款 40 TFSI 豪华致雅型,4.14,35.7,8.6L/100km,2023-04,奥迪A6L提车也一年多了，底盘真稳啊！车有时候就是坐进去和开起来的感觉，这两点，A6绝对拿捏你。当时有看过E，为什么不选300，我就觉得A6操控，底盘质感都在E级之上。 操控很满意！ √A6真的是跑高速，像吸在路面上 √调教特别激进符合年轻人，35岁以上选a6L，35岁以下A7L绝对香。 动力感受！！ √40动力没啥毛病，只能说懂国人想要什么样的动力体验吧！ 油耗能接受！ 满箱油，跑了高速，高架，和市区估计最多就能跑到700多一点，低速可以8.6L，全程高速确实6点多，看脚法和实际路况。 乘坐l舒适度！ 座椅夹脚太窝了，胖人坐在里面太恼火了，座椅好像一直
飞驰的牡丹2969,2024-06-20,奥迪A6L 2023款 40 TFSI 豪华动感型,4.07,35.0,10L/100km,2023-08,🕙购车经历 56E应该怎么选确实是把我弄得纠结不行，公司有台商务车，我想着是家用带点上午性质的，奔驰不太喜欢内饰风格，5系不太敢，转动轴异响弄得人心惶惶。A6L是属于那种无功无过的，但真是最好的选择了。双拼的内饰，看起来很高档，中控的设计比较简洁。用料很讲究，手感也良好，反正就是奥迪家族化的设计。 ⛽油耗 我油耗在8.5-9左右，一年费用2-3万。不要问问就是坐不住。带家人出去玩，自己出去玩，现在省点了，但是也好不到哪去。 空间 我的身高1米75，坐在驾驶舱感觉比较自由，腿部活动空间也蛮足够的。后排座椅表现常规，正常坐三个人不会有明显的拥挤感。其次是
大气的椰子2970,2024-06-20,奥迪A6L 2024款 45 TFSI 臻选动感型,4.57,35.0,8L/100km,2024-06,56e中最好开的咯 外形也很帅气 内饰大气，不过时 油耗没很高 座椅很舒服 黑色高端大气上档次 家用很适合，和老公成家后的第二辆车，很喜欢了，年轻人开也没有老气的感觉！动感比智雅要年轻很多！ 车内空间很大，以后有了孩子也不会拥挤！向所有人推荐奥迪a6l 他再也不是行政车，而是家用车！ 后备箱空间很大，可以放好多东西！而且车子就算是c级车，配着360，也会很好开！
风驰电掣小鹿3036,2024-06-20,奥迪A6L 2023款 改款 45 TFSI 臻选动感型,4.14,34.6,10L/100km,2023-09,个人背景&选车理由: 家里是做生意的，毕业之后父母也让我参与一下，也就算我爸的小跟班吧，之前家里开的就是大众的迈腾在前几年档次还是不错，但是对于现在来说那就在普通不过了，所以父母的建议是换辆稳重点的车，虽然买车不用我花钱，但是我买回来还得我开的多，平时我爸爸有个应酬我就得你开车接送，所以买车也算是给我买的吧！！ 买车过程: 我跟我爸爸一起去的，看车的时候试驾过沃尔沃的s90，车是很稳重就是内饰太老套，还棕色没啥档次，我爸也没相中，本来想看看宝马7系被我爸爸给驳回了，说太高调了，最后老爸意思还去看一下奥迪把，感觉奥迪拿得出手的也就A6L了，还没别说新款升级
ycuser10280588,2024-06-20,奥迪A6L 2024款 55 TFSI quattro 尊享动感型,3.43,44.0,,2024-06,提车不到二十天 网上新车报价40万了 ，十六天就降价4万多 这是咋回事啊？要逆天了吗？
强悍的灵猫2954,2024-06-19,奥迪A6L 2023款 改款 45 TFSI 臻选动感型,4.21,37.4,8.5L/100km,2023-11,选买经历: 为了提高档次换掉了家里的卡罗拉，看车的时候朋友推荐了宝马5系，我感觉太年轻了，还是看看奥迪A6L，这车我关注好几年了，感觉挺适合我这个年龄的人，开出去也是稳重有档次，去试驾的时候感觉还可以，动力够用，选了选配置，定了45甄选动感。 用车也有半年了动力表现： 动力很足，平时在没人的地方我还特意深猜了油门，瞬间推背感就有了，而且我买的是属于高功率的版本，之所以没有买低功率的40版本，是想让车辆的动力有更加好的使用效果，避免后期出现动力不足的情况。 油耗表现: 燃油消耗情况，目前的综合油耗是在8.5升，都是在市区，感觉油耗不高了。 内部空间表
飞驰的麒麟3058,2024-06-18,奥迪A6L 2023款 改款 45 TFSI 臻选动感型,4.14,38.4,10L/100km,2024-04,选买经历： 早在五年前就想买辆BBA，无奈资金不够，只能先买了一辆大众捷达代步，现在有能力买了，我的初心还是BBA，没动摇，和媳妇商量完了，直4S店了，看了宝马3系和5系，还有奔驰C，奥迪A4l和A6，经过试驾，还有咨询朋友，我最终选择了奥迪a6l，价钱适中我能接受，配置也不错，定位是中高级别轿车来着也比较大气，外观也是非常的帅感觉比前几年的老款车上升好几个档次，虽然买完之后就降价了，但心里只能安慰自己早买早享受吧！ 使用感受: 1⃣️最满意： 对于A6L车辆的外观设计，内饰的科技感，车辆的动力表现，燃油的消耗情况，都是非常满意的，这也就是我没有选
追风的蜜枣2877,2024-06-14,奥迪A6L 2023款 改款 45 TFSI quattro 尊享动感型,4.21,41.2,9.2L/100km,2023-08,购车经历 由于家里之前有一台老的奔驰e，开起来虽然不错，毕竟年头比较长了，就准备更新换代一下。去看了宝马的525，看了奥迪的a6l，最后发现，还是奥迪a6l，整体的豪华感和舒适性是很不错的。 最满意: 很是喜欢那种低调的奢华感，选择的45版本，也是因为这个版本配置很丰富，我对动力没有太大的要求，所有就没有选择55的版本。 油耗表现 在市区进行使用的话，百公里是在9升左右，并不算高，也不算低，还是一个可接受的范围内，毕竟这么大的车，2.0t的排量，也很好了。 最不满意 在提车之后，车辆的内饰味道比较的重，每次在开的时候都需要开门通风，但一周之后，这种情况基
才华横溢山竹2955,2024-06-13,奥迪A6L 2023款 45 TFSI quattro 尊享动感型,4.21,35.6,9.3L/100km,2024-05,购车经历: 我觉得是A6和我有缘吧，看了那么多选了A6，对于女司机来说操作起来我觉得没有任何毛病，不喜欢花里胡哨的，我觉得A6外观内饰都是成熟稳重大气吧。老爸当时推荐我买宝马5，奈何爱不起来啊。因为45四驱的呀，驾驶质感太好了，5系其实也不赖，但是外观对比感觉缩水了一点，e级就没有看得上的地方，不喜欢那种风格的内饰。感觉女同志开A6可霸气了，尤其穿西装，戴墨镜哈哈，那绝了。 动力： 我不太懂，但是老爸让我直接上45，数据我也查了下，2.0T 224马力 L4 7挡湿式双离合，我一女生日常开真的够用了。 油耗表现: 平均油耗在9.3左右，高速平均油耗在7
风驰电掣核桃3103,2024-06-11,奥迪A6L 2024款 45 TFSI quattro 臻选动感型,5.00,38.0,10L/100km,2023-11,这是我心心念念的车车啊，终于拥有了它，老爱了，整体外观简约大气，线条流畅！木纹内饰低调时尚，轮毂上的花纹也非常帅气，奥迪不愧是玩灯的啊，大灯太亮眼了，尤其是在下雨天，就一个字，帅！四驱模式开启，速度接着提上来了，感觉就是不一样，果然自己喜欢的车真是哪哪都好，哪哪都顺眼！爱了爱了！爱不释手！
所向无敌大圣3045,2024-06-11,奥迪A6L 2023款 改款 45 TFSI quattro 尊享动感型,4.14,40.3,13L/100km,2023-08,坐标青岛，30岁的大叔和30岁的阿姨都看中了奥迪A6L。 之前家里就有一台老车，开车的时候真的是车内除了音响不响，哪里都响，使用的时候油耗也是比较的高，整体来说都没有太舒适的地方了。这次主要就是想看一看新车，想要换一台适合我家用的，预算是在35万左右到40万左右。看车的时候我和我媳妇试驾了宝马的5系和奥迪的a6l，宝马5系太过于高调，满大街都是爱不起来啊，最后还是选择了奥迪的a6l这款车，媳妇中意，平时她也开，所以选车还是以媳妇为主啊。 使用感受方面，车子已经用了马上一年了。奥迪a6l的使用感受真的是很舒服，不管是车辆的乘坐舒适度还是驾驶舒适度，都能够
超群绝伦布偶2887,2024-06-04,奥迪A6L 2023款 40 TFSI 豪华动感型,4.21,38.4,12L/100km,2023-11,【购车经历】 选择这台车的主要理由，跟简单，可商可家，毕竟自己创业，还是要有台拿出手的车。虽然大家都知道奔驰宝马是豪车，但其实奥迪也是豪车品牌。但相比前两者来说，奥迪给人感觉相对要低调一些了。不过我更看重的还是奥迪的低调，稳重，没有太多炫技的东西。a6我认为是我心目中最完美的轿车，低端局家用不违和，中端局商务接待不违和，高端局政府用车不违和，3代ea888也不烧机油，湿式双离合也不怕堵车，全方位的使用场景，神中神。 【最满意】 这款车就是中规中矩，但也是它的特色。让人很安心，开起来说不上最好，但是各方面表现均衡，没有特别的短板。开的时间越久，越喜欢这个“
过目不忘苹果2724,2024-04-13,奥迪A6L 2022款 45 TFSI 臻选动感型,4.64,39.8,9.4L/100km,2022-06,"🚗购车经历: 2021年就打算买奥迪A6L的，但是因为一些原因生意受到了影响，所以买车的事情就搁置了。好在2022年的时候生意慢慢好转了，资金也周转过来了,买车的事情又提上了日程。而且新款奥迪A6L外观颜值也挺出众的，平时做生意确实也需要一台好车撑门面的，而且奥迪A6这台车空间也挺宽敞的，作为家用车也能照顾好日常，对我来讲是实用性很全面得一台车，价格也在我的预算内，所以很快就定了下来。4s店还送了不错的提车仪式，我和老婆一起去提车，给我老婆送了一束鲜花，另外也送了全车贴膜、代金券和免费首保。 💰费用详情: 裸车：39.8万 购置税：当时购置税3.6"
车手51159469SX,2024-04-24,奥迪A6L 2024款 40 TFSI 豪华致雅型,5.00,46.0,,2023-04,奥迪A6L的外观设计时尚、大气，线条流畅，前脸的六边形进气格栅和LED 大灯极具辨识度，尾部贯穿式尾灯和微微上翘的扰流板展现出运动气息。车身尺寸恰到好处，既保证了乘坐空间，又不会显得过于庞大，总之，奥迪A6L的外观非常符合我的审美需求 打开车门，奥迪A6L的内饰同样让人惊艳。简洁大方的设计风格，豪华感十足，真皮座椅触感细腻，填充物饱满，坐上去舒适度极高，中控台配备了两块大尺寸屏幕，科技感满满，此外，车内的储物空间设计也非常人性化，便于日常使用。 动力篇: 我选择的这款奥迪A6L搭载了一台2.0T涡轮增压发动机，最大功率185kW，最大扭矩370N·m，匹
周昊勋,2024-04-22,奥迪A6L 2023款 45 TFSI 臻选动感型,4.86,34.0,9L/100km,2023-01,动力没得说 随叫随到 唯一不好就是底牌太低 容易拖底
足智多谋哈密瓜2616,2024-04-12,奥迪A6L 2024款 45 TFSI 臻选动感型,4.64,38.0,,2024-03,当时去4s店谈的分期最后又全款买的 驾驶体验没的说 就是车机比较一般般 油耗一般8-9个还是可以的
玉兔车手01152999,2023-10-31,奥迪A6L 2023款 40 TFSI 豪华致雅型,3.79,38.5,7L/100km,2022-09,"【购车经历】对于奥迪a6的外观比较青睐，预算40万左右，对比了宝马五系还有雷克萨斯等车型，针对本人年龄50+，认为奥迪A6车型稳重大方，低调有内涵，开起来气场全开。其他各方面没有特别大的需求，宝马五系可能更适合年轻人一些，气质不太匹配，雷克萨斯起步体验不是特别满意。 【提车价格】奥迪A6 40豪华致雅23款 40万 【能耗表现】苏州杭州上海我跑的比较多,高高速上开一般表显7左右。城市高架上车少的时候匀速880开就特别省油,6左右。不过都是有意识的控制滑滑行的启停才到这么多的。不刻意正常开的话综合油耗表显显在8-9的样子。 【驾驶感受】A6方向盘不重，对于"
盖世的稻米1219,2023-10-31,奥迪A6L 2023款 45 TFSI quattro 臻选动感型,4.86,37.0,11.5L/100km,2023-09,在同级别豪华型轿车BBA里能和奥迪A6L相媲美的有奔驰E，宝马5系，这使三大豪华品牌互相竞争，但对于追求时尚档次和大空间性价比的车主来说奥迪A6L是非常不错的选择。 外观：我选择的这款是指导价47.99万，23款2.0T 45 四驱配置，它前脸大气，进气格栅选择了多边形，四个圈圈紧紧环绕，既有层次又有档次，配有LED大灯，毕竟奥迪是灯厂，矩阵式大灯更是亮点，它的辨识度非常高，它的外观各个角度抓拍都是无敌酷炫。 油耗：因为我是新手女车主，综合油耗11.5L/KM，城区较堵。等过了首保，熟练以后，油耗会有所降低，大部分车主都是7-10L/KM，作为大型家用轿
麒麟车手00251288,2023-09-19,奥迪A6L 2022款 45 TFSI quattro 尊享动感型,4.57,40.0,10.2L/100km,2022-03,北京车友留。在北京买车，懂得都懂，不是想买就能买的！当我收到摇号中签的信息后，内心那真是小鹿乱撞，久久不能平静～在2022年的一天，我有幸试驾了全新的奥迪A6L。这款车给我留下了深刻的印象，它不仅拥有优雅的外观和豪华的内饰，还有出色的性能和先进的科技配置。 首先，让我们从外观开始谈起。这边我就不得不提，我在店内选装了MTM原厂套件，包含前后包围，这让我直接挣了2个w➕，这里按下不表前脸的六边形进气格栅和犀利的大灯组相得益彰，给人一种强烈的视觉冲击力。车身侧面修长而稳重，彰显出豪华轿车的尊贵感。尾部的设计简洁大气，LED尾灯与镀铬装饰条相互映衬，使整个车
好想睡觉HS9f,2023-09-18,奥迪A6L 2023款 改款 45 TFSI quattro 臻选动感型,4.43,36.68,9.6L/100km,2023-09,🚗购车经历 起初是去看 A4L 的但是父母没有看上，看上 A5 了，后来去问了一下价格，跟 A6L 40TFSI 价格差不多，然后就选择了 A6L，一开始看的是 40 也就是最低配，经过商议决定买个 45 的四驱，毕竟两驱四驱价格方面差的不多 🐎驾驶感受 驾驶感受这方面我倒是感觉不出来，我就感觉比我之前试驾过的国产车体感上来说感觉更加的厚重 💺乘坐感受 很后悔没有选择致雅的座椅，动感偏硬，长途不太舒服 【动力表现】 动力方面是够我用的，动力延迟也是有的，S 档基本上没有延迟，D 档可以明显感觉到动力来的有延迟性，不过也是很够我用的了，高速超车也是
车主ABCdg,2023-07-31,奥迪A6L 2023款 改款 45 TFSI quattro 臻选动感型,4.00,42.0,8L/100km,2023-07,试驾过奔驰 宝马 奥迪 操控舒适还得宝马，因为之前就开的宝马，奔驰太张扬了，还数奥迪稳重低调些，油耗高速6.8市区就没法算，停车开空调是常事没法计较 空间真实大，目前发现问题 刚启动后转向打死转弯会抖动 ，自己本身不爱惜车，就是个工具而已，33岁换了七八个车了，但愿奥迪不让人失望 ，就这玩意都有优缺点，其他还么发现，提车简简单单，半天完事，无仪式 ，无留影 ，感觉还没有买个二手车隆重
靓丽的飞牛1014,2023-07-28,奥迪A6L 2023款 改款 40 TFSI 豪华致雅型,4.07,38.99,7.5L/100km,2022-11,空间表现还可以，后排非常宽敞，敲二郎腿无压力 油耗目前高速是6个油，市区差不多在7~8油，可能我开的不是很猛，但基本上也OK。一箱油95加满，差不多五百多块钱，能跑一千二百多公里，但油表最多就显示到1160km。 中控区域就是没地方放手机，放了杯子手机就得塞中央扶手箱或者放手机支架上。储物空间不是很灵活。 前排座椅感觉是腿部缺少支撑，跑长途容易累，少了个腿托。 胎噪还可以接受，主要是风噪大，感觉接缝处漏的厉害。 车机真的非常非常的迷惑，不是登不上就是在重新登陆的路上😂😂😂
才高八斗稻米1020,2023-07-27,奥迪A6L 2023款 45 TFSI quattro 尊享动感型,4.07,39.0,,2023-06,我是奥迪a6的车主，考虑到很多方面的因素我选了奥迪，想体验一下奥迪的四驱到底怎么样。没有后悔，感觉车挺不错的。新款车型依然延续了现款车型的内饰，车内依然给人带来了十足的科技感。因为车带了bo音响，感觉听歌很有感觉，全液晶仪表盘以及由上下两块触控屏所组成的中控台，为车内科技化程度加分，我认为车的缺陷主要有三点，一是调节方向盘前后高低需要手动调节，二是中控区的大屏感觉偏低，开车看导航会有影响，这都是驾驶员感受最真切;第三点是调节空调需要在屏幕上操作，以前一直习惯机械旋钮操作的我很不适应。行驶时调节空调需格外小心，最好别在行驶过程中调节。但实际用下来会发现几乎
才华横溢软桃0910,2023-07-06,奥迪A6L 2022款 45 TFSI quattro 臻选动感型,4.29,39.89,10.8L/100km,2022-07,🚗购车经历 2022年7月在新丰泰购入了这台车 试驾了一次就直接购入 周六看车 周日提车 非常迅速 同级别对比了e300l 内饰没有很喜欢 更喜欢简约风的内饰 主要是给家里老人开 他们那个年代的思想更喜欢奥迪的稳重和大气 家里人给的预算是55左右 这个车算是物超所值了 也有再去询问3.0t版本的 优惠力度确实没有2.0t的香 果断选择了2.0t 💴提车价格 38.9多 现在哪个店都是价格很透明 也没有什么更多谈的余地了 送了装饰 也选配了座椅加热和方向盘加热之类的 ⛽油耗表现 刚入手时 ➕的95号清洁汽油 那时候油耗很高13左右 也可能是地板油开
山尺,2023-02-19,奥迪A6L 2017款 30 FSI 技术版,5.00,24.8,,2023-01,最经典的尾灯真的很喜欢，唯一美中不足没有实木内饰哎，其他都很满意
车手16895262KE,2023-01-23,奥迪A6L 2023款 55 TFSI quattro 尊享致雅型,5.00,46.0,10L/100km,2023-01,奥迪的夸戳还是很舒服，奥迪这个55真的是好车，加速很平滑，高速8个油左右，虽说是3.0t的，市区11个油左右
凤鸣车手01804865,2023-01-08,奥迪A6L 2023款 40 TFSI 豪华致雅型,5.00,42.8,9L/100km,2022-05,【购车经历】 当时买的时候对比了好多车，最后还是选了A6L，主要比较时尚，看着还大气，也可以作为家用车，商务家用俩不误 【提车价格】 车价40多w，4s店优惠了好几w，最后提车价是38w多，等车就比较长了，当时等了好久，大概等了2个星期左右吧 【最不满意】 刚开始买车的时候就是感觉发动机有点变速箱有点顿挫，可能那个时候还没有过磨合期吧，后期过了磨合期之后。变速相就没，后期过了磨合期之后。变速相就没有那么多，后期过了磨合期之后。变速箱就没有那么多，后期过了磨合期之后，变速箱就没有那么顿挫了 【能耗表现】 在无锡的话，普通道路上油耗差不多九个油这个样子，高速
乔克叔叔5714,2022-10-20,奥迪A6L 2022款 45 TFSI quattro 臻选致雅型,4.00,39.0,9L/100km,2022-06,【购车经历】因为喜欢奥迪 观察了两年 优惠力度大的时候去提的 【用车成本】没什么大开支 无非就是保养加油 【能耗表现】我踩油门个人认为还是比较舍得的 市区一般9个 高速6个左右 【最不满意】碰撞预警有时候会误报 自动模式下加速没有那么跟脚 猛加速的话会迟钝个一秒多 接近50w价位没有电动尾门有点难受的 【驾驶感受】爽 运动模式没话说 2.0T足够了 操控也舒服 滤震清晰但比较软 急转弯很稳 【乘坐感受】建议45以上标配后排调节 确实不是很舒服 【用车反馈】BBA当中性价比之王 产品力绝对稳居一线 如果我有钱就上3.0T了
车手47727574NR,2022-10-18,奥迪A6L 2022款 45 TFSI 臻选致雅型,4.71,39.98,9L/100km,2021-03,1、空间尺寸:这个车空间很大，C+级水准是我坐过最大的。 2、外观:年轻大气，又不失沉稳，犀利的大灯，就犹如您的商业眼光一样独特，不愧是商务座驾的领导者。 3、内饰:中控科技满满，但又不失豪华，随处可见的细节，突出了他的内涵。 4、动力:动力调教偏向舒适，深踩油门加油的瞬间很线性，不会突然很冲，而是过了一会儿才猛的窜出来，如果不熟悉它的动力输出的时候建议不要随意超车，它更合适乘坐。 5、操控性:这款车的操控性很容易上手，动力输出深踩油门不会很窜，容易把握，方向盘比较轻盈，智能辅助到位，常用到的配置都给到了。 6:舒适性:如果这车拿来接待客户的，舒适性没得
知秋一叶25,2022-10-14,奥迪A6L 2018款 30周年纪念版 TFSI 进取版,5.00,40.0,7.3L/100km,2018-02,总体来说，空间很够用，操作可以，外观大气，油耗不高，还算满意！
麒麟车手01006774,2022-08-18,奥迪A6L 2022款 45 TFSI quattro 臻选动感型,4.29,39.0,10L/100km,2022-08,【购车经历】 感觉身边开a6l的人不少，跟个别朋友了解这款车性能比较好，本人也是干有关汽车方面的职业，对汽车多少有所了解，感觉这款车综合评价不错 【提车价格】 贷款买车，一年后还清相对全款还便宜一些，选择贷款，暂时没超过一个月说实话还不知道贷款的套路，据目前来说还算合适。提车的价格跟销售谈了许久，最后跟理想价格有所差距，在接受范围内。 【最不满意】 发动机噪音大，一两分钟减弱。车机不太好用，也许是没用习惯。后方车辆来车提示这个价位了居然没有，还应该在配置方面整体档位提升。这个成本应该也不贵吧！手机充电口应该多设置几个，太少了，也没usb。220v插座目前
乐乐先生说早安,2022-07-17,奥迪A6L 2007款 2.0T CVT标准型,3.00,42.0,,2007-09,耗油跟现在的车差不多，加速平稳，就是车头太重，容易刹车点头。
pollyer77,2022-07-28,奥迪A6L 2020款 40 TFSI 豪华致雅版,4.71,36.0,8.5L/100km,2020-06,【购车经历】 一开始，计划从奔驰E，奥迪A6L，沃尔沃S90中，三选一。补刀:从未考虑过宝马5和雷克萨斯ES。一次走下来，就决定了选奥迪了。 【用车成本】 各项成本，都在可接受范围内。 【能耗表现】 各项综合油耗，长期维持在8.5L/百公里上下，波动幅度在0.5左右。 【最不满意】 1.没有无钥匙进入； 2.没有电动尾门。 【驾驶感受】 满意，舒服。 【乘坐感受】 舒服。要是后排座椅能加长3厘米左右就更完美舒服了。 【用车反馈】
胖胖锤,2022-06-27,奥迪A6L 2022款 45 TFSI 臻选动感型,4.29,35.5,9.4L/100km,2022-06,【购车经历】 留学生免税车名额，裸车35.x，落地36多点，不到37。自己去车管所上牌的，一汽奥迪长春发过来的资料非常齐全，流程非常顺利，给中汽总和一汽奥迪点赞。 【用车成本】 用车主要成本是保险和燃油，保险300万保额加交强险车船税8xxx，油耗目前9.4。 【能耗表现】 市区12-13，高速6-7 【最不满意】 车内异味很重，买了光触媒，暴晒几天后缓解，还有车身太大了，车库不太好停车。 【驾驶感受】 开起来很稳，过坎不颠，过弯侧倾比较小，速度起来了比较灵活，低速走走停停不闯动，但容易被加塞。 【乘坐感受】 很安静，不会感觉空间局促，但前排没
ycresets40960339,2022-06-25,奥迪A6L 2022款 40 TFSI 豪华动感型,3.57,36.5,10L/100km,2021-12,我21年11月份买车时，就选中奔驰宝马奥迪，先看的宝马530，又问了很多使用的朋友，问题大多出在15万公里左右，还有一点，我主要用于商务，宝马外观不太理想，看下马路上跑的，快成马路大众了，所以确定买奔驰E300，当时大标价格是42.3万，立标是43.4万，没有优惠，但年前提到车有点困难，等到12中旬自己沉不住气，就去了奥迪店，确定了A6，首先外观看比较大气，就是车尾稍显厚实，还有现款奔驰前脸我自己感觉太小气，没气势，也算自我安慰吧，36.5万买了奥迪A6，因我是一次性全款，价格谈不下来。现已开了半年，总体感觉还不错，站在车旁，发动机声音比奔驰小很多，跑高
花落微凉梦清幽666,2022-06-18,奥迪A6L 2016款 TFSI 技术型,4.43,36.8,10L/100km,2017-06,【用车场景】 公司用车 【驾驶感受】 稳重 商务 易操控 【能耗表现】 油耗 有点高 还好动力强劲 【保养感受】 怎么着 也算 豪华品牌 保养贵属于正常 【维修成本】 别的也都可以接受 就是大灯坏了 换一个原装的要 好几万 过分了 【配置性价比】 BBA三个里边 配置性价比 最高的一个 【亮点配置】 BBA同系 优惠最多的一个 【不足之处】 车内 味道 太重了
欧洲小伙李时珍,2022-05-12 1 条追评,奥迪A6L 2021款 40 TFSI 豪华动感型,3.86,36.1,7.5L/100km,2021-08,【提车价格】 指导价429800 优惠68800，裸车价361000购置税32300保险11000 赠送底盘装甲和脚垫 选装了前后排座椅加热和后排分区空调共10000。 【选车背景】 决赛圈是xjl和a6l，主要是婚后新家庭使用。 【对比车型】 Xjl内饰用料确实捷豹更优，但是考虑到家人意见最终决赛圈还是a6l胜出了 【驾驶感受】 动态模式动力够用，舒适模式也是真的舒适，c8这代外观这么不再是老干部专属了，年轻人也可以考虑 【能耗表现】 市区堵车12左右，但我在郊区 长期油耗7.5 【空间表现】 完全足够，但毕竟是轿车和mpv没得比 【舒适性
经典的轿跑4052,2022-06-17,奥迪A6L 2022款 55 TFSI quattro 尊享动感型,4.43,46.6,12L/100km,2022-05,【用车场景】 平时家用代步和商务出行使用最多。因为选高配的不多，所以裸车价还是谈了优惠，不过没赶上这个购置税政策，店里基本能送的都送了我，毕竟直接全款拿下55TFSI的不多，双离合操控无懈可击。从大概2020年就开始关注55的a6l，中间经历了芯片短缺的涨价，到现在的价格稍微回落，终于算是圆了6缸车的梦。 从今年年初开始，逛了很多广州的4s店，55的现车确实有，但全是致雅的，致雅的后排可调和双层玻璃很喜欢，可惜就是外观太商务，尤其是那个19寸轮毂，实在是太难看了。一直到今年2月中旬，4s店告我到了一台动感现车，直接去店里看了车，谈了谈价格，感觉差不多就定
EOOsLqf7,2022-05-27,奥迪A6L 2008款 2.0T 手动基本型,3.71,33.5,9L/100km,2008-05,【用车场景】 上班代步接送老婆 【驾驶感受】 市区路面驾驶感受非常稳重，颠簸路段整车避震还可以，高速实测4500转180码左右，车噪巨大 【能耗表现】高速一箱油加满524，续航765公里 【保养感受】 【维修成本】 【配置性价比】 【亮点配置】 2.0T 手动 【不足之处】 转弯笨重
ycresets40960339,2022-05-15,奥迪A6L 2022款 40 TFSI 豪华致雅型,4.43,36.5,11L/100km,2021-12,我于去年12月份购车，当时定的是奔驰，由于无优惠，关键年前提不到车，于是买的奥迪A6，油耗市区16左右，高速7个左右，操控不错，内饰也算满意，就是跑高速声躁比较大，有时在路上也观察了下奔驰，从外观看，现在感觉奥迪不输奔驰，也许是自己孩子自己爱吧，5米多的车身确实大气，跑在路上虽然没必要去和豪车比，但这个价位心里还是很爽，现在我跑了4千多公里，一切还算满意吧，有什么感受，以后再分享给大家 【提车价格】 【选车背景】 【对比车型】 【驾驶感受】 【能耗表现】 【空间表现】 【舒适性】
车手60947859QR,2022-04-29,奥迪A6L 2021款 40 TFSI 豪华动感型,4.43,36.0,11L/100km,2022-01,换车之前是凯迪拉克XTS，之所以选择奥迪a6是考虑到它的稳定性与性价比，但是买了以后这车真的是让我有点失望，外观内饰都可以，空间也还行，就是舒适度直接太差了，隔音差，减震硬，内饰异响严重！空调制冷差而且声音大，大屏经常卡顿！
李胜献,2022-04-28,奥迪A6L 2020款 45 TFSI 臻选动感版,4.43,39.0,13L/100km,2021-01,【用车场景】 谈个生意还是很好的 【驾驶感受】 开的车型不多不做评价 【能耗表现】 一公里一块多 【保养感受】 还可以 【维修成本】 没修过 【配置性价比】 还可以 【亮点配置】 四周靠近车辆警示 【不足之处】 油耗有点高
崭新的土豆4784,2022-04-08,奥迪A6L 2022款 45 TFSI quattro 臻选动感型,4.29,37.93,10.8L/100km,2022-03,30岁终于提了Dream Car，梦想总得有，万一实现了呢！ 首先先说一下我的购车经历，去年6月就有想法，问了4S店的朋友，由于芯片问题，价格涨了很多（当时45两驱落地得44-45），正好当时资金有些紧，就想着等今年，过完年再问了下，价格终于下到可以接受的范围，落地差不多42个W，那个心痒痒呀，无奈新冠疫情，4S店看车的计划被迫延期（希望疫情早日消散，中国加油！）。3月初疫情有所好转，就立马带着老婆约了试驾，其他牌子4S店都没去，宝马5系还是比较喜欢的，但525落地比奥迪45两驱还贵，就没想法了。奔驰的外观这一代个人感觉很韩国范，个人无法接受，而且E3
ycreset215139670,2022-04-08,奥迪A6L 2018款 30周年纪念版 35 TFSI 时尚版,4.71,39.98,12L/100km,2018-05,"【提车价格】 我买的这款车是18款30周年纪念版本的低配车型。当时因为也是预算有限，买的这个最低配优惠了18,000块钱现金。指导价格417,800，全下来大概用到了43左右，去了三次价格才讲下来这些，然后答应送我一套18寸原厂铝合金轮毂和冬季轮胎。 【选车背景】 以前开的是一款速腾，已经开了6年，然后家里工厂也需要一点装门面的车，所以在宝马5系和奥迪a6L这两款车之间进行对比。选车大概两三个月，也试驾了宝马5系和奥迪的这款车。最终让我下定决心的还是家里的意见，毕竟在我们东北奥迪这个品牌还是比宝马强那么一点点。因为平时开的公里数并不多，所以说选择了最低配"
ycresets27201848,2022-03-24,奥迪A6L 2022款 45 TFSI 臻选致雅型,5.00,42.0,9.1L/100km,2019-03,操控性我对比了雷克萨斯es，对比了奔驰e级，A6l的操控性堪称非常好
张宏轩Z7,2022-03-18,奥迪A6L 2019款 45 TFSI quattro 臻选动感版,5.00,38.0,11L/100km,2019-10,空间大 日常拉货很方便，操控性还可以，偶尔有点小抖动， 空间大 日常拉货很方便，操控性还可以，偶尔有点小抖动， 空间大 日常拉货很方便，操控性还可以，偶尔有点小抖动，
金炟四季文化SE,2022-02-16,奥迪A6L 2022款 45 TFSI quattro 臻选动感型,2.43,40.0,10.4L/100km,2021-12,冲着品牌影响力买的车，动力操控还算可以，就是还么有上牌，三大件之一的变速箱报警，4s店没有态度，厂家客服不管
大全儿2877WEL,2021-12-28,奥迪A6L 2006款 2.4 CVT 舒适型,4.57,43.89,10L/100km,2021-12,到手无投资发动机变速箱巅峰，提速快喜欢的可以联系我，车子保证喜欢
ycresets30526615,2021-12-27,奥迪A6L 2022款 45 TFSI quattro 臻选动感型,5.00,38.9,9.8L/100km,2021-12,A6L整体机械素质没的说，因为提完车要回东北，直接提了个四驱的，稳
车手27757032VB,2021-07-19,奥迪A6L 2010款 2.8FSI 舒适型,5.00,58.0,8L/100km,2010-11,车的性能很好，我很喜欢奥迪车，家人们坐的舒服😊我对车很爱惜。
朕乃书生1988,2021-06-19,奥迪A6L 2021款 45 TFSI 臻选动感型,5.00,36.0,8.6L/100km,2020-12,终于32周岁的时候，买了一辆自己喜欢的车。如果非要用一句话评价，应该就是静若处子，动若脱兔吧。
车手24972865XB,2021-02-22,奥迪A6L 2021款 55 TFSI quattro 尊享动感型,3.86,54.0,7L/100km,2019-10,品牌过得去，性价比高，整体都还不错
内敛的海棠果4222,2020-08-17,奥迪A6L 2020款 45 TFSI 臻选动感版,5.00,36.5,,2020-06,同级别BBA 中 看好A6L
LEO李季1gh,2020-04-09,奥迪A6L 2019款 45 TFSI quattro 臻选动感版,5.00,38.6,10L/100km,2020-04,开了12年的B7奥迪A4 1.8T个性风格版，看到A6L的中控台，我就认定了
西行寺骊婧,2019-07-19 1 条追评,奥迪A6L 2017款 30 FSI 舒适版,5.00,42.0,,2017-07,性价比高，平时开出去也不失面子，而且多大岁数都能开，开个七八年没问题，2.5的发动机稳定性更高。
奔逸绝尘蜻蜓4051,2019-07-06,奥迪A6L 2018款 30周年纪念版 45 TFSI quattro 运动版,4.57,40.0,14L/100km,2019-02,没理由 选着选着就选着了
车手13218089AZ,2019-05-29,奥迪A6L 2016款 30 FSI 舒适型,4.00,42.3,8.7L/100km,2017-02,选择奥迪是低调奢华，动力强，乘坐舒适度很好，保值率很好，家用空间够用！
海上白云,2019-05-09,奥迪A6L 2018款 30周年纪念版 35 TFSI 运动版,4.00,35.5,9.5L/100km,2018-09,「本人于2018年购买了2018款奥迪A6L运动型」 #最不满意 4S店保养起来价格并不便宜，维修件价格也不菲。底盘偏低，走过几次坑洼路面已经被刮过几次底盘了，还好是泥土路并无大碍。 #外观 基本95%以上选择A6L都是喜欢它的外观的，外观高计较沉稳不张扬，整个外观基本找不到可以挑剔的地方，前灯很帅气，很有官员车气质，整车显得非常厚重稳重。 #内饰 豪华论不上，但总体显得比较用心，方向盘和座椅以用车门扶手都是真皮包裹，而仪表盘和液晶屏以及到中央扶手之间的设计显得带是较新颖和增加了几分科技感， 中控上的塑料用材也较多，还好整体看着比较顺眼。
ycresets32794313,2019-05-09,奥迪A6L 2017款 TFSI 技术版,5.00,41.5,,2017-06,"本人是奥迪的忠实粉丝，选择台车主要还是因为外观漂亮,动力十足，空间大，各个方面都挺满意的。"
Q絮,2019-04-27,奥迪A6L 2018款 30周年纪念版 45 TFSI quattro 运动版,4.00,50.0,12L/100km,2018-12,有自己的个性安全，配置高，外观漂亮，动力十足，对于追求个性和激进驾驶的人来说绝对可以选择。
东北冬天不冷,2019-04-26,奥迪A6L 2018款 30周年纪念版 35 TFSI 时尚版,5.00,30.9,,2018-12,之前想买汉兰，四驱豪华加价后和奥迪价格差3万钱，就选这个了，感觉档次不一样，商务用车多一些，汉兰达家用非常好，奥迪商务性非常好，之前一直开SUV，换换感觉，刚开始怕地盘低，走一些不好的路挂地盘，开了一段时间后，感觉还好，没有想象中那么低。
宗敬航小朋友的奥迪,2019-04-07 1 条追评,奥迪A6L 2019款 45 TFSI 臻选动感版,5.00,33.21,7L/100km,2019-03,奥迪的忠实粉丝，自己18年12月份买了Q5L，车开的不错，所以就又选择了一台A6L作为生意用车。用车1个多月，目前没有任何不好的。就是手机不太方便放。
ycresets41319721,2019-02-08,奥迪A6L 2018款 35 TFSI 典藏版,5.00,,,,动力方面不错很喜欢，后排空间够用，还可以吧！家用足矣，油耗过得去！
ycresets33207737,2018-12-29,奥迪A6L 2018款 30周年纪念版 35 TFSI 运动版,5.00,,,,A6l这辆车空间很大，北京瘫在里面做空间是足够用的。动力方面的话2.0t的发动机很足，一般油耗都在7到8个油吧，堵车的时候9到11个左右。外观方面更不用说了，有了这个运动套件显得更年轻更运动，更适合年轻人驾驶。
罗子越,2018-10-06,奥迪A6L 2015款 TFSI 纪念智领版,4.00,31.0,7.5L/100km,2015-12,#不满意 其实这款车目前为止真的还没有什么不满意的地方，非要说的话就是导航不能更新 #满意 方向感很好，加速比较顺，运动模式还是不错的哦 #总评 本来打算计划买宝马525系的，但是试驾过程中感觉还是奥迪舒服，外观和内饰风格我也非常喜欢
名字长一点才能注册,2018-09-26,奥迪A6L 2018款 30周年纪念版 35 TFSI 运动版,4.00,34.0,11L/100km,2018-08,#不满意 不满意的地方还是有一些的，一汽大众的做工用料实在是无法吐槽，内饰配件装配不是很到位导致行车过程中遇到颠簸路面四个车门板会出现塑料件摩擦异响，中控台轻微异响，再有就是轮胎与地面的反馈比较明显，胎噪比较大 #满意 外观大气，底盘调教够舒适坐起来非常舒服，转向比较轻但是比较灵敏，2.0T够用，动力随叫随到挺跟脚的，最满意的就是a6l的空间，3012的轴距没得挑剔 #总评 表示没看过其他车，直奔奥迪4S去的，原来考虑的是A5，但是店里的A5现车是乞丐版几乎没有啥配置，转眼看到A6L黑色展车坐上去感受了一番感觉也不差，于是放弃A5乞丐版直接订A6L35运
星驰的茉莉4907,2018-08-22,奥迪A6L 2005款 2.4L自动技术领先型,5.00,50.0,13L/100km,2008-10,#不满意 油耗稍微有些高，老车了，其他都没觉得有什么不满意的。 #满意 外观、空间、性能都是比较满意的，舒适感也很好，大气。 #总评 还看了奔驰、宝马，觉得更喜欢奥迪这个品牌，有时也适合商务，舒适感不错的。
一流的柚子5331,2018-04-27,奥迪A6L 2018款 30周年纪念版 TFSI 进取版,4.00,34.11,9L/100km,2018-01,#不满意 1.SOS报警经常无故提示，过一会儿又消失掉，这个是通病，比较烦人；2.carplay连接不是很好，只能用线连接；3.新车车内异味比较重，放了几个月，还有气味；4.座椅偏硬，舒适性欠缺，尤其是驾驶位座椅。 #满意 1.外观：整体优雅大气稳重，奥迪家族风格设计，小改后带有运动气息； 2.内饰：用料和做工符合豪华品牌水准，折叠中控屏很棒，仪表中间有小液晶屏可以显示导航；3.动力：动力输出平顺；高速行驶平稳；双离合油门响应比较快，S档堪称动力随叫随到；4.油耗：相对于C级车，油耗非常美丽，磨合期最低到过5.5L，估计还能再少，有图有真相。 #总评 选
何嘉653ipy,2017-12-17,奥迪A6L 2014款 30 FSI 舒适型,5.00,48.0,10L/100km,2013-12,#不满意 提速时间太长，瞬间加速能力不强，城区油耗偏高！ #满意 奥迪A6L不管是驾驶还是乘坐舒适感都很强，高速6Ｌ/100Km，城市道路10Ｌ/100Km，油耗可以接受。 #总评 大众CC、jeep切诺基和北京现代索纳塔，总体感觉奥迪A6L沉稳，低调奢华有内涵，所以选择了他。
ycresets28021226,2017-12-06,奥迪A6L 2017款 45 TFSI quattro 运动版,5.00,48.5,12L/100km,2017-02,#油耗 这两天都在12多吧，还算可以。这么大的车算不错了。 #操控 操控比一般的车灵活，转向精准，方向盘轻便。起步反应很快，发动机声音稳定，没有噪音，这点挺满意。 #性价比 性价比高，综合考虑车的动力，装饰、配置等，觉得这车买的划算。 #动力 动力没得说，还要啥自行车？想超车就是一脚油门的事情。 #配置 该有的都有，像acc这种我觉得没多大必要，我最喜欢autohold功能和自动启停的配合。 #舒适度 带两个孩子完全没有压力，老人坐车也会比较舒服，不太会晕车，a3就容易晕车。 #空间 后备箱足够用了，夏天出去烧烤，放个小冰箱都没有问题，要是全尺寸备胎就好
大方的蔷薇5270,2017-06-06,奥迪A6L 2016款 TFSI 技术型,5.00,30.8,8.7L/100km,2016-06,#不满意 就是烧机油厉害，油耗也很高，就这两个地方不满意，希望在改进改进 #满意 做工精致！噪音也不大，提速表现突出，外观大气稳重，后排空间也很大 #总评 我选车之前我也看了好几款车，看了有宝马520、宝马2系进口敞篷、奥迪A6L，三款车都试驾了，当时很纠结不知道该选那款车，然后我还是最终选了奥迪A6L，我个人觉得开宝马别人会觉得有点装B，我买这款奥迪A6L偶尔还可以去跑跑婚庆什么的，最终选择奥迪A6L
才华盖世黄桃4179,2016-09-02,奥迪A6L 2016款 30 FSI 舒适型,5.00,38.8,10L/100km,2016-04,#油耗 油耗相对比较满意，高速8个多油，市区的油耗也不是很高，没想到的是这款车竟然这么省油，真的是很超乎自己的意料啊，同时也给力自己很大的惊喜。 #动力 起步加速稍弱，着急时提速确实感觉肉点，不过一般情况还是很稳重的，红灯变绿灯走的1秒内有点迟缓，开起来就好了，高速上绝对是游刃有余，动力浑厚，超车很轻松，这样的动力就已经是很不错了。 #性价比 感觉性价比还行，在BBA里，我感觉奥迪还算对得起车主，一个V6的机器就能显示出厂家的诚意，其他或多或少的配置就显得没那么重要了。 #配置 挺全面的，总体的配置都是很不错的，要是有座椅加热和座椅通风的话那就更好
所向披靡桑葚4166,2016-08-31,奥迪A6L 2016款 30 FSI 舒适型,4.00,33.4,10.6L/100km,2016-07,#油耗 油耗必须打满分，真的是很省油，油耗低到我都有点不敢相信，那次在高速上跑到了最低值，平时的油耗也都是在可接受的范围之内。 #动力 动力实在是觉得有点肉，可能是之前一直开涡轮增压的车习惯了吧，再开这个车觉得有点肉，可能是想培养驾驶员耐性的吧，不过我开车还是挺稳当的，一般是不超车的，也不飙车，上班和家用动力的话也够用了。 #性价比 性价比还可以，我觉得性价比还比较优秀，在很多方面还都是比较合适的。 #配置 配置很全面，很多的行车配置都有了，安全配置也是很好的，但是这款车没有座椅加热和座椅通风功能。 #操控 可能是因为有驾驶模式选择吧，这车在动态模式操
大气的西瓜4084,2016-08-03,奥迪A6L 2016款 45 TFSI quattro 运动型,4.00,44.7,9.5L/100km,2016-03,#油耗 绝对超出预期，2100公里，现在的油耗我感觉是很美的，总之我就是很满意的。 #动力 全时四驱，没有所谓的推背感和拖拽感，稍微给点油就会四平八稳的向前冲，主观加速感受不强，大排量带来的动力储备，任何速度下想超车都非常轻松从容，刹车力度非常线性，前半段制动力度不是太强，如果深踩下去，四活塞卡钳的制动力度绝对不会让你失望。 #性价比 这款车的性价比是相当不错的，这款车是相当的好，每个方面都是很合适的，总的性价比我自己还是比较满意的。 #配置 非常全面的配置，用起来是相当的方便，安全配置方面很好，行车配置也是很齐全，这款车的导航是很好用的，一般的小地
昂扬的大枣4090,2016-08-02,奥迪A6L 2016款 50 TFSI quattro 豪华型,5.00,52.3,10L/100km,2016-03,#油耗 比预期还低，以为油耗的话怎么也得到12 个左右，用着这段时间油耗给我的惊喜还是挺大的，我真的是没有想到这款车的油耗能这么低，真的是大大的超出了我的预期。 #动力 V6 3.0T 333马力，实际驾驶由于是磨合期内，并没有尝试暴力驾驶。不过给人信心十足的感觉。我想实际的表现也不会错，爆发力、持久力都很强大，用的时间长了感觉后续的动力应该是很不错的。 #性价比 这就不是一款性价比之选的车，不然我是不会选择这款车的，但是在很多的车中感觉这款车还是很不错的。 #配置 很棒的配置，用着是很满意的，方方面面的配置都是很全面的。 #操控 这台车很好开，低速状
大步流星小鹿4161,2016-07-29,奥迪A6L 2016款 TFSI 技术型,5.00,36.0,9L/100km,2016-02,#油耗 油耗比较低，特别是快速路，我走的路况是很好的，油耗方面也是挺不错的，现在还不到10个油，总体上是很棒的。 #动力 1.8T动力嘛之前还担心小马拉大车，除了低速的时候踩油门有一两秒迟钝，接着动力就上来了，加速也很不错，320扭矩表现确实不错。变速箱升档居然感觉不到，这个蛮意外的。运动模式油门就没那么迟钝，新车没超过110，高速怎么样还不知道，搭载第三代1.8TEA888发动机配七速双离合变速箱，动力更强，油耗更低。 #性价比 性价比高，导航、倒车影像、后视镜自动折叠，后风档自动遮阳帘、全景天窗和18寸5V轮毂都有。奥迪的车市场保有量大，保值，维修保
盖世无双荔枝4354,2016-07-28,奥迪A6L 2016款 45 TFSI quattro 运动型,5.00,44.5,9.8L/100km,2016-04,#油耗 目前在市内上下班开，目前的综合油耗不到10，自我感觉挺好的，不知道其它的车友是什么样的情况。 #动力 6缸3.0升机械增压发动机，272马力，400最大扭矩，日常生活已经动力过剩了。平时城市道路开的多，限速60，不需要深踩油门，起步到速度60一般也就10秒多钟。7档双离合变速箱，换挡非常快，中段发力更是强劲，超车并道时，低转速高扭矩的优势更加明显，速度超过110以后，动力依然源源不断，车身非常稳定，让人信心十足。 #性价比 超级棒的性价比，那真的是没话说的，绝对不二之选，选它绝对不会后悔。 #配置 绝对是够用了，方方面面的配置都是很全的，用起来的
盖世的小马4268,2016-07-26,奥迪A6L 2016款 30 FSI 技术型,5.00,36.1,10L/100km,2016-06,#油耗 目前的油耗我感觉还是可以的，10个油耗，车子还是在磨合期，这样的油耗我感觉还是挺不错的，用着是挺满意的，首保后的油耗相信还是会下降的。 #动力 我是个慢性子的人，也不飙车，但是偶尔S档撒欢，奥迪也能给予你面子。总体一句话，动力，我满意，上班是绝对不会给你丢面子的，家用的话更是很体面的，这款车的动力我认为就是很好的了，总之是很满意动力方面的。 #性价比 配置高，样子漂亮，价格公道，性价比方面的话我感觉还是可以的，总之性价比方面我认为还是听错的。 #配置 总体配置是相当满意的，不管是行车配置好好方面还是安全配置方面都是很不错的，我稀罕的天窗还有导航都
晦迹韬光雪人4149,2016-07-25,奥迪A6L 2016款 TFSI 舒适型,5.00,38.2,10L/100km,2016-06,#油耗 市里开10左右，仔细点开8左右，这个应该看驾驶习惯了，高速上最低开过6点几，一般都在7点几，相比其他几款C级车的油耗很满意。 #动力 动力不错，1.8T的发动机搭配进口湿式7速双离合Stronic变速器，190马力的输出，绝对够用，虽然是1.8T的，但是加速一点也不逊色，完全有着超越2.5的感觉，换挡很平顺，加速推背感强，在车流中游刃有余。高速上跑到180不发飘，超车也是信心十足。 #性价比 性价比当然还是可以的，这个价格买这个级别的车子肯定ok啦！ #配置 配置方面倒是没啥说的，真的是相当的齐全啊，用着也是超级满意的，好车的配置就是不一般啊。
卓越的梅花4156,2015-12-28,奥迪A6L 2009款 2.0 TFSI 标准型(自动),5.00,39.8,10L/100km,2009-01,#油耗 综合油耗十分省油 #动力 2.0t带涡轮增压，动力强劲 #性价比 性价比超高的车 #配置 配置十分实用， #操控 操纵精准，转向灵敏 #空间 后排十分宽敞，后备箱500多l的容积，适用家用 #外观 外观经典，加上前led日间行车灯，更显个性化 #舒适度 座椅十分舒适 #内饰 内饰做工上乘 #总评 总体来说：奥迪A6L是一款性价比、实用、动力、空间、经济性各方明均衡的一款中级商务车。奥迪A6L的车身修长，外形大气沉稳，内部空间宽敞实用，配置丰富，做工精细，动力强劲，燃油经济性好，操控性还不错，行车稳定；安全性高，轴距长，内部空间较为宽敞舒适，配置丰
龙吟的雪花4488,2015-11-06,奥迪A6L 2014款 TFSI 标准型,4.00,35.0,8L/100km,2014-05,#油耗 我出门这段会堵车有时候会堵得不加严重。喝的多也正常 油耗不需要担心 这级别中大型车我估计A6是最省油的 比较CVT这种没任何好处的变速箱就为省油做贡献 #动力 感觉动力就是“一般”，不过毕竟是涡轮车 起步会有点肉肉的感觉， 油门要踩到一半动力才会上来 #性价比 应该蛮高的吧！自身感觉还不错的，只要买了就有值得我下手的地方 #配置 座椅很给力， 坐上去很软，乘坐舒服 #操控 方向盘很轻很舒服 车子笨重我能理解 毕竟是大车，不过还是那句话 起步要等个半秒 车子才会动 #空间 3米的轴距够用， 买这车完全没必要担心空间，绝对是够用的 #外观 很耐看，没
画龙点睛海豚3384,2014-07-05,奥迪A6L 2014款 30 FSI 豪华型,5.00,45.6,9.2L/100km,2014-05,#动力 充沛S挡超车猛 #内饰 精细搭配协调 #配置 丰富功能多 #性价比 高高高高高 #空间 宽敞舒适优 #操控 优越顺畅优 #外观 时尚大气优 #舒适度 优良没的说 #总评 感觉一切都好
追风的白鹤3058,2014-03-27,奥迪A6L 2014款 50 TFSI quattro 豪华型,5.00,61.2,10.6L/100km,2014-01,#动力 绝对棒。尤其是S档 #配置 配置够用 #内饰 做工一流，没得说 #性价比 较高 #舒适度 乘坐舒适 #外观 还算漂亮。不招摇 #空间 够用，后排宽 #操控 精准，好驾驭;低速收油感觉有点怪。 #总评 买车40天了，总体觉得很好一部车1万公里保养费用1393元。倒车镜的加热功能设置恶心人，下雨用不上。行车25000KM油耗记录：整体油耗12.2L/100KM.全高速最低油耗6.8一般情况为7.2市区根据拥堵情况而定。
开天辟地小马3096,2012-10-06,奥迪A6L 2012款 TFSI 基本型,3.00,,,2012-10,#总评 烧机油，维修费大，售价不合理。
